brand_name,product_name,price,event_type,crawled_at,image_url
GS25,Dole)딸기팝(62ml*8개),8000,1+1,2026-07-01,https://image.woodongs.com/imgsvr/item/GD_8809654956471_001.jpg
GS25,Dole)망고팝(62ml*8개),8000,1+1,2026-07-01,https://image.woodongs.com/imgsvr/item/GD_8809069306489_001.jpg
GS25,Dole)오렌지팝(62ml*8개),8000,1+1,2026-07-01,https://image.woodongs.com/imgsvr/item/GD_8809069306441_001.jpg
GS25,Dole)파인애플팝(62ml*8개),8000,1+1,2026-07-01,https://image.woodongs.com/imgsvr/item/GD_8809069306502_001.jpg
GS25,Dole)피치팝(62ml*8개),8000,1+1,2026-07-01,https://image.woodongs.com/imgsvr/item/GD_8809654955146_001.jpg
GS25,냉동딸기(150G),4000,1+1,2026-07-01,https://image.woodongs.com/imgsvr/item/GD_8809815962990_002.jpg
GS25,냉동스위트망고(150G),4000,1+1,2026-07-01,https://image.woodongs.com/imgsvr/item/GD_8809815962983_002.jpg
GS25,동원)미네마인탄산수500ML,1800,1+1,2026-07-01,https://image.woodongs.com/imgsvr/item/GD_8801047496687_002.jpg
GS25,페리오)키즈어린이치약(피카츄),3900,1+1,2026-07-01,https://image.woodongs.com/imgsvr/item/GD_8801051055269_271.jpg
GS25,페리오)어린이칫솔(피카츄)3단계,4900,1+1,2026-07-01,https://image.woodongs.com/imgsvr/item/GD_8801051003819_820.jpg
GS25,먹태를찍먹30G,8900,1+1,2026-07-01,https://image.woodongs.com/imgsvr/item/GD_8809193858250_004.jpg
GS25,진성)참깨맛꽈배기510G,9500,1+1,2026-07-01,https://image.woodongs.com/imgsvr/item/GD_6970293329062_001.jpg
GS25,102)훈제오리슬라이스(200G),7500,1+1,2026-07-01,https://image.woodongs.com/imgsvr/item/GD_8809377690805_002.jpg
GS25,녹차녹차돌자반55G,4900,1+1,2026-07-01,https://image.woodongs.com/imgsvr/item/GD_8809186873710_001.jpg
GS25,파래파래돌자반55G,4900,1+1,2026-07-01,https://image.woodongs.com/imgsvr/item/GD_8809186873703_001.jpg
GS25,곱창파는청년들)소스지190G/냉동,12800,1+1,2026-07-01,https://image.woodongs.com/imgsvr/item/GD_8809729950144_001.jpg
GS25,안동간고등어100G(순살/냉동),5000,1+1,2026-07-01,https://image.woodongs.com/imgsvr/item/GD_8809093441002_002.jpg
GS25,CJ)비비고가자미구이(순살/60G),6900,1+1,2026-07-01,https://image.woodongs.com/imgsvr/item/GD_8801392109201_001.jpg
GS25,CJ)비비고갈치구이(70G),6900,1+1,2026-07-01,https://image.woodongs.com/imgsvr/item/GD_8801007917429_002.jpg
GS25,CJ)비비고고등어구이(순살/60G),6900,1+1,2026-07-01,https://image.woodongs.com/imgsvr/item/GD_8801007917030_003.jpg
GS25,CJ)비비고삼치구이(순살/60G),6900,1+1,2026-07-01,https://image.woodongs.com/imgsvr/item/GD_8801007917320_003.jpg
GS25,CJ)비비고연어스테이크(60G),9900,1+1,2026-07-01,https://image.woodongs.com/imgsvr/item/GD_8801392162671_001.jpg
GS25,CJ)비비고틸라피아스테이크70g,9900,1+1,2026-07-01,https://image.woodongs.com/imgsvr/item/GD_8801392172571_001.jpg
GS25,피치)까먹는바나나모양바60G,1500,1+1,2026-07-01,https://image.woodongs.com/imgsvr/item/GD_8809971932707_001.jpg
GS25,라벨리)디요거트허니유자180ML,2000,1+1,2026-07-01,https://image.woodongs.com/imgsvr/item/GD_8805584224741_002.jpg
GS25,정화)아망추망고빅볼200G,2500,1+1,2026-07-01,https://image.woodongs.com/imgsvr/item/GD_8801308480684_002.jpg
GS25,이무라야)골든파인애플아이스,3000,1+1,2026-07-01,https://image.woodongs.com/imgsvr/item/GD_4901006221283_001.jpg
GS25,바나나킥)헤이즐넛라떼파르페,3500,1+1,2026-07-01,https://image.woodongs.com/imgsvr/item/GD_8807203002877_002.jpg
GS25,이무라야)말차모찌아이스빙수,4000,1+1,2026-07-01,https://image.woodongs.com/imgsvr/item/GD_4901006221214_001.jpg
GS25,피치)프로즌넛츠소르베믹스80G,4900,1+1,2026-07-01,https://image.woodongs.com/imgsvr/item/GD_8809971932882_001.jpg
GS25,프루타프루타)아사이볼오리지널,5500,1+1,2026-07-01,https://image.woodongs.com/imgsvr/item/GD_4582199731461_001.jpg
GS25,피치)프로즌팝소르베믹스80G,5900,1+1,2026-07-01,https://image.woodongs.com/imgsvr/item/GD_8809971932691_001.jpg
GS25,올리)아이스컵봉지얼음180G,600,1+1,2026-07-01,https://image.woodongs.com/imgsvr/item/GD_8809197844303_001.jpg
GS25,파티세리)망고무스케이크75G,6900,1+1,2026-07-01,https://image.woodongs.com/imgsvr/item/GD_8809971932820_001.jpg
GS25,파티세리)피치무스케이크80G,6900,1+1,2026-07-01,https://image.woodongs.com/imgsvr/item/GD_8809971932837_001.jpg
GS25,하리보)골드바렌100G,2500,1+1,2026-07-01,https://image.woodongs.com/imgsvr/item/GD_4001686301555_002.jpg
GS25,하리보)골드베어사우어80G,2500,1+1,2026-07-01,https://image.woodongs.com/imgsvr/item/GD_8691216099579_006.jpg
GS25,하리보)스타믹스100G,2500,1+1,2026-07-01,https://image.woodongs.com/imgsvr/item/GD_5012035901738_001.jpg
GS25,미이랑)귀리400g,7900,1+1,2026-07-01,https://image.woodongs.com/imgsvr/item/GD_8801500158237_001.jpg
GS25,미이랑)병아리콩400g,7900,1+1,2026-07-01,https://image.woodongs.com/imgsvr/item/GD_8801500158251_001.jpg
GS25,미이랑)찰보리400g,7900,1+1,2026-07-01,https://image.woodongs.com/imgsvr/item/GD_8801500158275_001.jpg
GS25,미이랑)찰현미400g,7900,1+1,2026-07-01,https://image.woodongs.com/imgsvr/item/GD_8801500158220_001.jpg
GS25,미이랑)찰흑미400g,7900,1+1,2026-07-01,https://image.woodongs.com/imgsvr/item/GD_8801500158268_001.jpg
GS25,미이랑)찹쌀400g,7900,1+1,2026-07-01,https://image.woodongs.com/imgsvr/item/GD_8801500158213_001.jpg
GS25,미이랑)파로400g,7900,1+1,2026-07-01,https://image.woodongs.com/imgsvr/item/GD_8801500158244_001.jpg
GS25,거산)꿀머군고구마120G,5200,1+1,2026-07-01,https://image.woodongs.com/imgsvr/item/GD_8809653410639_001.jpg
GS25,찰랑꿀맛고구마말랭이(45G/봉),4900,1+1,2026-07-01,https://image.woodongs.com/imgsvr/item/GD_8809653410394_002.jpg
GS25,풍원꿀맛고구마말랭이(45G/봉),4900,1+1,2026-07-01,https://image.woodongs.com/imgsvr/item/GD_8809653410363_002.jpg
GS25,호박꿀맛고구마말랭이(45G/봉),4900,1+1,2026-07-01,https://image.woodongs.com/imgsvr/item/GD_8809653410387_002.jpg
GS25,산지애)자두350G(팩),6000,1+1,2026-07-01,https://image.woodongs.com/imgsvr/item/GD_2345001813999_006.jpg
GS25,오리지널)군고구마빠50g,3900,1+1,2026-07-01,https://image.woodongs.com/imgsvr/item/GD_8809857620414_002.jpg
GS25,라라스윗)생요거트망고파인트474,11900,1+1,2026-07-01,https://image.woodongs.com/imgsvr/item/GD_8809599361620_001.jpg
GS25,라라스윗)치즈케이크파인트474ML,11900,1+1,2026-07-01,https://image.woodongs.com/imgsvr/item/GD_8809599360517_001.jpg
GS25,유어스)평양냉면육수M,1600,1+1,2026-07-01,https://image.woodongs.com/imgsvr/item/GD_8800244140706_004.jpg
GS25,에드워드리)김치전스낵40G,2500,1+1,2026-07-01,https://image.woodongs.com/imgsvr/item/GD_8809682781151_001.jpg
GS25,삼양)탱글갈릭쉬림프파스타(대컵,2500,1+1,2026-07-01,https://image.woodongs.com/imgsvr/item/GD_8801073217294_001.jpg
GS25,삼양)탱글바질토마토파스타(대컵,2500,1+1,2026-07-01,https://image.woodongs.com/imgsvr/item/GD_8801073217201_001.jpg
GS25,몬치치)초코카다이프팝콘55G,2300,1+1,2026-07-01,https://image.woodongs.com/imgsvr/item/GD_8809027555447_001.jpg
GS25,슈퍼마리오)트러플파스타팝콘55G,1800,1+1,2026-07-01,https://image.woodongs.com/imgsvr/item/GD_8809913653011_001.jpg
GS25,선우)쿠쫀볼40G,4500,1+1,2026-07-01,https://image.woodongs.com/imgsvr/item/GD_8809963484290_001.jpg
GS25,선우)황치즈두쫀볼40G,4500,1+1,2026-07-01,https://image.woodongs.com/imgsvr/item/GD_8809963484399_001.jpg
GS25,대광)연유크림슈,2700,1+1,2026-07-01,https://image.woodongs.com/imgsvr/item/GD_8809243177188_001.jpg
GS25,대광)에그타르트,2400,1+1,2026-07-01,https://image.woodongs.com/imgsvr/item/GD_8809243176976_001.jpg
GS25,유신우)바다속젤리130G,2000,1+1,2026-07-01,https://image.woodongs.com/imgsvr/item/GD_6973160172273_001.jpg
GS25,엠탑)하프앤하프스틱(커피)33G,1000,1+1,2026-07-01,https://image.woodongs.com/imgsvr/item/GD_8800269970319_001.jpg
GS25,핑구)핑구르르르젤리45G,1800,1+1,2026-07-01,https://image.woodongs.com/imgsvr/item/GD_8809704433501_001.jpg
GS25,머거본)김스칼몬드35G,3000,1+1,2026-07-01,https://image.woodongs.com/imgsvr/item/GD_8801133012197_001.jpg
GS25,몽뜨)푸르츠사워패치젤리80G,2000,1+1,2026-07-01,https://image.woodongs.com/imgsvr/item/GD_8809429533555_001.jpg
GS25,크라운)버터와플이즈니158G,4100,1+1,2026-07-01,https://image.woodongs.com/imgsvr/item/GD_8801111963589_001.jpg
GS25,스마일)두바이타입초콜릿바,1900,1+1,2026-07-01,https://image.woodongs.com/imgsvr/item/GD_8809853060559_001.jpg
GS25,BR)뉴욕치즈케이크크런치55G,2000,1+1,2026-07-01,https://image.woodongs.com/imgsvr/item/GD_8809288636756_002.jpg
GS25,BR)그린티크런치55G,2000,1+1,2026-07-01,https://image.woodongs.com/imgsvr/item/GD_8809288636763_002.jpg
GS25,흥선)워헤즈젤리빈45G,1500,1+1,2026-07-01,https://image.woodongs.com/imgsvr/item/GD_8809841062473_001.jpg
GS25,스마일)빠스틱치킨맛50G,2000,1+1,2026-07-01,https://image.woodongs.com/imgsvr/item/GD_8809909840463_001.jpg
GS25,밀크클래식)오꼬시흑설탕맛66G,1800,1+1,2026-07-01,https://image.woodongs.com/imgsvr/item/GD_8809560522258_001.jpg
GS25,BBQ마시멜로오징어모양40G,1800,1+1,2026-07-01,https://image.woodongs.com/imgsvr/item/GD_6976541220013_001.jpg
GS25,하림)더미식제육볶음양념140G,3500,1+1,2026-07-01,https://image.woodongs.com/imgsvr/item/GD_8809778496693_002.jpg
GS25,미스티)콜라푸쉬팝15G,1500,1+1,2026-07-01,https://image.woodongs.com/imgsvr/item/GD_52071034_001.jpg
GS25,흥선)워헤즈아토믹피즈42G,3500,1+1,2026-07-01,https://image.woodongs.com/imgsvr/item/GD_8809841062787_002.jpg
GS25,하늘처럼)무화과블랙베이글칩60G,2800,1+1,2026-07-01,https://image.woodongs.com/imgsvr/item/GD_8809247976275_001.jpg
GS25,태원)트위스트드링크와일드베리,1700,2+1,2026-07-01,https://image.woodongs.com/imgsvr/item/GD_90153433_001.jpg
GS25,태원)트위스트앤드링크사과,1700,2+1,2026-07-01,https://image.woodongs.com/imgsvr/item/GD_90153426_003.jpg
GS25,ARIH)레드루비소다355ML,2500,2+1,2026-07-01,https://image.woodongs.com/imgsvr/item/GD_8801128284646_001.jpg
GS25,ARIH)클리어레몬소다355ML,2500,2+1,2026-07-01,https://image.woodongs.com/imgsvr/item/GD_8801128284523_001.jpg
GS25,ARIH)피치망고소다355ML,2500,2+1,2026-07-01,https://image.woodongs.com/imgsvr/item/GD_8801128284516_001.jpg
GS25,ARIH)레몬크레스트355ML,2200,2+1,2026-07-01,https://image.woodongs.com/imgsvr/item/GD_8809695255656_001.jpg
GS25,ARIH)블러시베리355ML,2200,2+1,2026-07-01,https://image.woodongs.com/imgsvr/item/GD_8809695255533_001.jpg
GS25,ARIH)트로피칼웨이브355ML,2200,2+1,2026-07-01,https://image.woodongs.com/imgsvr/item/GD_8809695255625_001.jpg
GS25,사조)쟌슨빌베다위드체다200G,6900,2+1,2026-07-01,https://image.woodongs.com/imgsvr/item/GD_8801039012086_001.jpg
GS25,정식품)고단백두유플레인190ML,1600,2+1,2026-07-01,https://image.woodongs.com/imgsvr/item/GD_8801033811357_001.jpg
GS25,정식품)베지밀고단백초코190ML,1600,2+1,2026-07-01,https://image.woodongs.com/imgsvr/item/GD_8801033808913_001.jpg
GS25,오뚜기)컵누들저당로제(소컵),1800,2+1,2026-07-01,https://image.woodongs.com/imgsvr/item/GD_8801045335612_001.jpg
GS25,더납딱한오다리25G,4800,2+1,2026-07-01,https://image.woodongs.com/imgsvr/item/GD_8809677723203_002.jpg
GS25,더도톰한오징어25G,4800,2+1,2026-07-01,https://image.woodongs.com/imgsvr/item/GD_8809677723210_002.jpg
GS25,스윗콘(100G/봉),2000,2+1,2026-07-01,https://image.woodongs.com/imgsvr/item/GD_8809405270979_001.jpg
GS25,해태)생생감자칩황치즈버터맛55G,2000,2+1,2026-07-01,https://image.woodongs.com/imgsvr/item/GD_8801019613784_002.jpg
GS25,베이비스타)코코이치방야카레54G,2000,2+1,2026-07-01,https://image.woodongs.com/imgsvr/item/GD_4718005883042_001.jpg
GS25,동아제약)박카스디카페120ML,1000,2+1,2026-07-01,https://image.woodongs.com/imgsvr/item/GD_8806011618249_001.JPG
GS25,흑백)중식마녀쯔란돼지껍질튀김,5900,2+1,2026-07-01,https://image.woodongs.com/imgsvr/item/GD_8800244143905_001.jpg
GS25,롯데)ABC초코187G,8000,2+1,2026-07-01,https://image.woodongs.com/imgsvr/item/GD_8801062629992_002.jpg
GS25,농심)포테토칩엽떡로제맛55G,1700,2+1,2026-07-01,https://image.woodongs.com/imgsvr/item/GD_8801043067799_002.jpg
GS25,롯데)솔의눈500ML,2200,2+1,2026-07-01,https://image.woodongs.com/imgsvr/item/GD_8801056228927_001.JPG
GS25,삼립)NEW불고기치즈부리또,3500,2+1,2026-07-01,https://image.woodongs.com/imgsvr/item/GD_8801068932164_003.jpg
GS25,삼립)NEW슈퍼슈프림부리또,3500,2+1,2026-07-01,https://image.woodongs.com/imgsvr/item/GD_8801068932157_002.jpg
GS25,삼립)멕시칸스파이시치킨부리또,3500,2+1,2026-07-01,https://image.woodongs.com/imgsvr/item/GD_8801068938692_002.jpg
GS25,삼립)아메리칸딥치즈소시지부리,3500,2+1,2026-07-01,https://image.woodongs.com/imgsvr/item/GD_8801068941746_001.jpg
GS25,삼립)캐네디언그레이비해쉬부리,3500,2+1,2026-07-01,https://image.woodongs.com/imgsvr/item/GD_8801068941739_001.jpg
GS25,삼립)트리플치즈부리또,3500,2+1,2026-07-01,https://image.woodongs.com/imgsvr/item/GD_8801068921403_003.jpg
GS25,Y(P)육즙팡팡정통프랑크100G,2600,2+1,2026-07-01,https://image.woodongs.com/imgsvr/item/GD_8809038475437_002.jpg
GS25,코카)닥터페퍼500ML,2200,2+1,2026-07-01,https://image.woodongs.com/imgsvr/item/GD_8801094052607_002.jpg
GS25,코카)암바사제로500ML,2200,2+1,2026-07-01,https://image.woodongs.com/imgsvr/item/GD_8801094000431_001.jpg
GS25,에비앙생수500ML,2200,2+1,2026-07-01,https://image.woodongs.com/imgsvr/item/GD_3068320024400_401.jpg
GS25,녹차원)제로슈가쌍화차(원컵),1800,2+1,2026-07-01,https://image.woodongs.com/imgsvr/item/GD_8801767341199_002.jpg
GS25,녹차원)제로슈가율무차(원컵),1800,2+1,2026-07-01,https://image.woodongs.com/imgsvr/item/GD_8801767341182_002.jpg
GS25,바프)와삭콘치킨맛땅콩30G,1500,2+1,2026-07-01,https://image.woodongs.com/imgsvr/item/GD_8800279453291_001.jpg
GS25,바이오)오징어카츠청양마요40G,6300,2+1,2026-07-01,https://image.woodongs.com/imgsvr/item/GD_8800244144155_001.jpg
GS25,깨끗한나라)쿨링타올레몬그라스,1500,2+1,2026-07-01,https://image.woodongs.com/imgsvr/item/GD_8801260610945_002.jpg
GS25,서울우유)왕짜요짜요(딸기)120ML,2400,2+1,2026-07-01,https://image.woodongs.com/imgsvr/item/GD_8801115720560_001.jpg
GS25,서울우유)왕짜요짜요(포도)120ML,2400,2+1,2026-07-01,https://image.woodongs.com/imgsvr/item/GD_8801115720577_001.jpg
GS25,스위트)말차크림롤60G,2500,2+1,2026-07-01,https://image.woodongs.com/imgsvr/item/GD_8809402813438_001.jpg
GS25,스위트)코코넛버터크림롤60G,2500,2+1,2026-07-01,https://image.woodongs.com/imgsvr/item/GD_8809402813445_001.jpg
GS25,서주)앤디스민트웨하스45G,2200,2+1,2026-07-01,https://image.woodongs.com/imgsvr/item/GD_8809592642245_001.jpg
GS25,타월빌리)휴대용타월그란데,3200,2+1,2026-07-01,https://image.woodongs.com/imgsvr/item/GD_8809840780576_001.jpg
GS25,타월빌리)휴대용압축수건(10매),8800,2+1,2026-07-01,https://image.woodongs.com/imgsvr/item/GD_8809840780729_001.jpg
GS25,동원)야채참치90G,3300,2+1,2026-07-01,https://image.woodongs.com/imgsvr/item/GD_8801047121312_003.jpg
GS25,동원)고추참치150G,4400,2+1,2026-07-01,https://image.woodongs.com/imgsvr/item/GD_8801047123750_753.jpg
GS25,동원)야채참치150G,4400,2+1,2026-07-01,https://image.woodongs.com/imgsvr/item/GD_8801047121350_351.jpg
GS25,돌)건망고(80G/봉),5000,2+1,2026-07-01,https://image.woodongs.com/imgsvr/item/GD_8809069308469_001.jpg
GS25,오뚜기)순후추나쵸60G,1800,2+1,2026-07-01,https://image.woodongs.com/imgsvr/item/GD_8801045797212_001.jpg
GS25,오뚜기)순후추팝콘(봉지),1800,2+1,2026-07-01,https://image.woodongs.com/imgsvr/item/GD_8801045652573_002.jpg
GS25,프링글스)버터카라멜110G,4200,2+1,2026-07-01,https://image.woodongs.com/imgsvr/item/GD_8886467104725_002.jpg
GS25,프링글스)스윗어니언48G,2100,2+1,2026-07-01,https://image.woodongs.com/imgsvr/item/GD_8886467130076_001.jpg
GS25,선우)황치즈퍼프볼40G,3600,2+1,2026-07-01,https://image.woodongs.com/imgsvr/item/GD_8809963484337_001.jpg
GS25,동원)상상육포30G(비프앤치즈),4600,2+1,2026-07-01,https://image.woodongs.com/imgsvr/item/GD_8801047183860_002.jpg
GS25,동원)상상육포30G(안심),4600,2+1,2026-07-01,https://image.woodongs.com/imgsvr/item/GD_8801047183877_002.jpg
GS25,동원)상상육포페퍼앤솔트30G,4600,2+1,2026-07-01,https://image.woodongs.com/imgsvr/item/GD_8801047183891_002.jpg
GS25,청우)쫀득초코칩90G,2000,2+1,2026-07-01,https://image.woodongs.com/imgsvr/item/GD_8801204008708_002.jpg
GS25,하림)오늘단백카라멜바48G,2900,2+1,2026-07-01,https://image.woodongs.com/imgsvr/item/GD_8801492392398_003.jpg
GS25,하림)오늘단백피스타치오바48G,2900,2+1,2026-07-01,https://image.woodongs.com/imgsvr/item/GD_8801492392411_002.jpg
GS25,웅진)초록매실PET500ML,2350,2+1,2026-07-01,https://image.woodongs.com/imgsvr/item/GD_8801382126560_562.jpg
GS25,웅진)푸룬부스터200ML,4500,2+1,2026-07-01,https://image.woodongs.com/imgsvr/item/GD_8801382150626_002.jpg
GS25,위찌)글로스01멜바시럽,3000,2+1,2026-07-01,https://image.woodongs.com/imgsvr/item/GD_8800305281386_002.jpg
GS25,위찌)글로스02피오니드리즐,3000,2+1,2026-07-01,https://image.woodongs.com/imgsvr/item/GD_8800305281393_002.jpg
GS25,위찌)글로스03체리글레이즈,3000,2+1,2026-07-01,https://image.woodongs.com/imgsvr/item/GD_8800305281409_002.jpg
GS25,위찌)글로스04피그허니,3000,2+1,2026-07-01,https://image.woodongs.com/imgsvr/item/GD_8800305281416_002.jpg
GS25,위찌)글로스05프랄린,3000,2+1,2026-07-01,https://image.woodongs.com/imgsvr/item/GD_8800305281423_002.jpg
GS25,미스티)사브레한입바나나(6입),2500,2+1,2026-07-01,https://image.woodongs.com/imgsvr/item/GD_8809788013699_001.jpg
GS25,생미쉘)마들렌175G,3900,2+1,2026-07-01,https://image.woodongs.com/imgsvr/item/GD_3178530402353_001.jpg
GS25,생미쉘)초코칩마들렌175G,3900,2+1,2026-07-01,https://image.woodongs.com/imgsvr/item/GD_3178530407938_001.jpg
GS25,비락)야채사랑365(190ML),1700,2+1,2026-07-01,https://image.woodongs.com/imgsvr/item/GD_8801189201767_001.jpg
GS25,비락)야채사랑당근비트180ML,1700,2+1,2026-07-01,https://image.woodongs.com/imgsvr/item/GD_8801189204232_001.jpg
GS25,현대)미에로화이바210ML,1700,2+1,2026-07-01,https://image.woodongs.com/imgsvr/item/GD_8806004382119_122.jpg
GS25,소이조이)후르츠&베이크드치즈,1700,2+1,2026-07-01,https://image.woodongs.com/imgsvr/item/GD_4987035682714_002.jpg
GS25,하이뮨)프로틴밸런스바나나250ML,2900,2+1,2026-07-01,https://image.woodongs.com/imgsvr/item/GD_8801157471208_005.jpg
GS25,하이뮨)프로틴밸런스액티브250ML,2900,2+1,2026-07-01,https://image.woodongs.com/imgsvr/item/GD_8801157470959_002.jpg
GS25,할리스)바닐라딜라이트300ML,3200,2+1,2026-07-01,https://image.woodongs.com/imgsvr/item/GD_8809286693706_002.jpg
GS25,할리스)카라멜마끼야또300ML,3200,2+1,2026-07-01,https://image.woodongs.com/imgsvr/item/GD_8809286694192_001.jpg
GS25,할리스)카페라떼300ML,3200,2+1,2026-07-01,https://image.woodongs.com/imgsvr/item/GD_8809286693713_002.jpg
GS25,유어스)꿀쌍화150ML,1800,2+1,2026-07-01,https://image.woodongs.com/imgsvr/item/GD_8809125060577_002.jpg
GS25,남양)십칠차500ML,2200,2+1,2026-07-01,https://image.woodongs.com/imgsvr/item/GD_8801069174020_024.jpg
CU,CJ)맥스봉치즈50g,2200,1+1,2026-07-01,https://tqklhszfkvzk6518638.edge.naverncp.com/product/8801007021652.jpg
CU,코카)환타오렌지P600ml,2200,1+1,2026-07-01,https://tqklhszfkvzk6518638.edge.naverncp.com/product/8801094112707.png
CU,코카)스프라이트P500ml,2200,1+1,2026-07-01,https://tqklhszfkvzk6518638.edge.naverncp.com/product/8801094202606.png
CU,웅진)오곡누룽지P500ml,2200,1+1,2026-07-01,https://tqklhszfkvzk6518638.edge.naverncp.com/product/8801382135036.png
CU,HK)헛개수P500ml,2500,1+1,2026-07-01,https://tqklhszfkvzk6518638.edge.naverncp.com/product/8801007171210.jpg
CU,정식품)검은콩베지밀팩,1400,1+1,2026-07-01,http://cdn2.bgfretail.com/bgfbrand/files/product/45C3F62F11ED46A6ABDFBC0999EF3690.jpg
CU,풀무원)액티비아업딸기,2200,1+1,2026-07-01,https://tqklhszfkvzk6518638.edge.naverncp.com/product/8809274510893.png
CU,46cm)초극세모칫솔,3500,1+1,2026-07-01,https://tqklhszfkvzk6518638.edge.naverncp.com/product/8801051009033.png
CU,메디안)치석케어치약,5400,1+1,2026-07-01,https://tqklhszfkvzk6518638.edge.naverncp.com/product/8806403146473.jpg
CU,2080)칫솔,3000,1+1,2026-07-01,https://tqklhszfkvzk6518638.edge.naverncp.com/product/8801046057216.jpg
CU,2080)치약,4400,1+1,2026-07-01,https://tqklhszfkvzk6518638.edge.naverncp.com/product/8801046846087.jpg
CU,엘라)퍼퓸샴푸,11900,1+1,2026-07-01,https://tqklhszfkvzk6518638.edge.naverncp.com/product/8801051152845.jpg
CU,페리오)토탈7치약,4700,1+1,2026-07-01,https://tqklhszfkvzk6518638.edge.naverncp.com/product/8801051064223.png
CU,페리오)이지클리닉칫솔,2200,1+1,2026-07-01,https://tqklhszfkvzk6518638.edge.naverncp.com/product/8801051010367.jpg
CU,다우니)핑크섬유1L,15000,1+1,2026-07-01,https://tqklhszfkvzk6518638.edge.naverncp.com/product/4902430311625.png
CU,테크)세탁세제1.4L,12900,1+1,2026-07-01,https://tqklhszfkvzk6518638.edge.naverncp.com/product/8801051203271.jpg
CU,좋은)유기농롱라이너18P,4900,1+1,2026-07-01,https://tqklhszfkvzk6518638.edge.naverncp.com/product/8801166222587.png
CU,오랄비)후레쉬칫솔,2000,1+1,2026-07-01,https://tqklhszfkvzk6518638.edge.naverncp.com/product/3014260844622.jpg
CU,좋은)순면프레쉬대16P,10400,1+1,2026-07-01,https://tqklhszfkvzk6518638.edge.naverncp.com/product/8801166231367_1.png
CU,해태)레몬에이드P350ml,2100,1+1,2026-07-01,https://tqklhszfkvzk6518638.edge.naverncp.com/product/8801105907605.jpg
CU,좋은)순면프레쉬중18P,10400,1+1,2026-07-01,https://tqklhszfkvzk6518638.edge.naverncp.com/product/8801166234153_1.png
CU,쏘피)볼록맞춤울날중4P,2000,1+1,2026-07-01,https://tqklhszfkvzk6518638.edge.naverncp.com/product/8809016369048.jpg
CU,귀애랑)울날오버나이트12P,9500,1+1,2026-07-01,https://tqklhszfkvzk6518638.edge.naverncp.com/product/8809016360281.png
CU,미쟝센)데미지샴푸,18000,1+1,2026-07-01,https://tqklhszfkvzk6518638.edge.naverncp.com/product/8806403068379.jpg
CU,미쟝센)데미지린스,18000,1+1,2026-07-01,https://tqklhszfkvzk6518638.edge.naverncp.com/product/8806403068409.jpg
CU,쏘피)슈퍼롱와이드10P,9400,1+1,2026-07-01,https://tqklhszfkvzk6518638.edge.naverncp.com/product/8809299230820.jpg
CU,오가니스트)샴푸200ml,7000,1+1,2026-07-01,https://tqklhszfkvzk6518638.edge.naverncp.com/product/8801051154139.jpg
CU,오가니스트)린스200ml,7000,1+1,2026-07-01,https://tqklhszfkvzk6518638.edge.naverncp.com/product/8801051158496.jpg
CU,아이깨끗해)순핸드워시,8900,1+1,2026-07-01,https://tqklhszfkvzk6518638.edge.naverncp.com/product/8806325614258.png
CU,풀무원)액티비아업플레인,2200,1+1,2026-07-01,https://tqklhszfkvzk6518638.edge.naverncp.com/product/8809274510916.png
CU,빙그레)더위사냥액티브,2200,1+1,2026-07-01,https://tqklhszfkvzk6518638.edge.naverncp.com/product/8801104111553.jpg
CU,46cm)쿨민트치약,3900,1+1,2026-07-01,https://tqklhszfkvzk6518638.edge.naverncp.com/product/8801051057577.png
CU,쏘피)내몸에순한면대16P,10400,1+1,2026-07-01,https://tqklhszfkvzk6518638.edge.naverncp.com/product/8809299234842.png
CU,쏘피)내몸에순한면중18P,10400,1+1,2026-07-01,https://tqklhszfkvzk6518638.edge.naverncp.com/product/8809299234828.png
CU,오랄비)초미세모칫솔,2900,1+1,2026-07-01,http://cdn2.bgfretail.com/bgfbrand/files/product/D3BFF641B34E40BB92FBC7612F4C8D7B.jpg
CU,엘라)스프레이200ml,8900,1+1,2026-07-01,https://tqklhszfkvzk6518638.edge.naverncp.com/product/8801051199970.jpg
CU,엘라)하드왁스80g,11800,1+1,2026-07-01,https://tqklhszfkvzk6518638.edge.naverncp.com/product/8801051199987.jpg
CU,코카)스프라이트P1.5L,3700,1+1,2026-07-01,https://tqklhszfkvzk6518638.edge.naverncp.com/product/8801094202408.png
CU,코카)토레타P500ml,2200,1+1,2026-07-01,https://tqklhszfkvzk6518638.edge.naverncp.com/product/8801094412005.png
CU,좋은)울날중4P,2000,1+1,2026-07-01,https://tqklhszfkvzk6518638.edge.naverncp.com/product/8801166234399.png
CU,좋은)울날대16P,9900,1+1,2026-07-01,https://tqklhszfkvzk6518638.edge.naverncp.com/product/8801166234214.png
CU,좋은)슬날수퍼롱4P,4100,1+1,2026-07-01,https://tqklhszfkvzk6518638.edge.naverncp.com/product/8801166234412.png
CU,좋은)울날오버나이트14P,10900,1+1,2026-07-01,https://tqklhszfkvzk6518638.edge.naverncp.com/product/8801166234221.png
CU,동원)양반쇠고기죽,4500,1+1,2026-07-01,https://tqklhszfkvzk6518638.edge.naverncp.com/product/8801047161608.png
CU,동원)양반야채죽,4500,1+1,2026-07-01,https://tqklhszfkvzk6518638.edge.naverncp.com/product/8801047161646.png
CU,도루코)페이스4중면도3입,6300,1+1,2026-07-01,https://tqklhszfkvzk6518638.edge.naverncp.com/product/8801038116471.jpg
CU,코카)코카콜라제로P500ml,2400,1+1,2026-07-01,https://tqklhszfkvzk6518638.edge.naverncp.com/product/8801094082604.png
CU,페브리즈)포맨370ml,12000,1+1,2026-07-01,https://tqklhszfkvzk6518638.edge.naverncp.com/product/4902430643191.png
CU,오가니스트)넛츠바디워시,5500,1+1,2026-07-01,https://tqklhszfkvzk6518638.edge.naverncp.com/product/8801051258844.jpg
CU,오뚜기)영양닭죽285g,4500,1+1,2026-07-01,https://tqklhszfkvzk6518638.edge.naverncp.com/product/8801045303062.png
CU,CJ)고메토마토미트볼147g,4500,1+1,2026-07-01,https://tqklhszfkvzk6518638.edge.naverncp.com/product/8801007626994.jpg
CU,하이트)블랙보리P520ml,2500,1+1,2026-07-01,https://tqklhszfkvzk6518638.edge.naverncp.com/product/8801001238049.png
CU,사조)스노우크랩킹140g,5500,1+1,2026-07-01,https://tqklhszfkvzk6518638.edge.naverncp.com/product/8801066055438.jpg
CU,오뚜기)새송이쇠고기죽,4500,1+1,2026-07-01,https://tqklhszfkvzk6518638.edge.naverncp.com/product/8801045303017.jpg
CU,풀무원)액티비아업복숭아,2200,1+1,2026-07-01,https://tqklhszfkvzk6518638.edge.naverncp.com/product/8809274512651.png
CU,동서)심플리라떼240ml,2300,1+1,2026-07-01,https://tqklhszfkvzk6518638.edge.naverncp.com/product/8801037092240.jpg
CU,라이프)스킨엘리트콘돔3P,7500,1+1,2026-07-01,http://cdn2.bgfretail.com/bgfbrand/files/product/5D4327F2071F43419BC6AE00554197DA.jpg
CU,쏘피)내몸에순한면중4P,2800,1+1,2026-07-01,https://tqklhszfkvzk6518638.edge.naverncp.com/product/8809299234811.png
CU,비트)액체겸용세제1.45L,12900,1+1,2026-07-01,https://tqklhszfkvzk6518638.edge.naverncp.com/product/8806325620686.png
CU,코카)파워에이드퍼플P600,2400,1+1,2026-07-01,https://tqklhszfkvzk6518638.edge.naverncp.com/product/8801094603700.jpg
CU,온더바디)레몬클렌징폼,5900,1+1,2026-07-01,https://tqklhszfkvzk6518638.edge.naverncp.com/product/8801051121599.jpg
CU,질레트)뉴마하면도기1up,16000,1+1,2026-07-01,https://tqklhszfkvzk6518638.edge.naverncp.com/product/4902430540872.jpg
CU,CJ)맥스봉빅소시지150g,3900,1+1,2026-07-01,https://tqklhszfkvzk6518638.edge.naverncp.com/product/8801007403793.png
CU,리엔)크림염색제흑갈색,13900,1+1,2026-07-01,https://tqklhszfkvzk6518638.edge.naverncp.com/product/8801051385410.jpg
CU,오뚜기)단호박죽285g,4500,1+1,2026-07-01,https://tqklhszfkvzk6518638.edge.naverncp.com/product/8801045303048.jpg
CU,맥스웰)블랙P500ml,2900,1+1,2026-07-01,https://tqklhszfkvzk6518638.edge.naverncp.com/product/8801037093742_1.png
CU,맥스웰)라떼P500ml,2900,1+1,2026-07-01,https://tqklhszfkvzk6518638.edge.naverncp.com/product/8801037093766_1.png
CU,하이트)블랙보리라이트520,2200,1+1,2026-07-01,https://tqklhszfkvzk6518638.edge.naverncp.com/product/8801001238179.jpg
CU,동원)친친오리지널봉70g,2200,1+1,2026-07-01,https://tqklhszfkvzk6518638.edge.naverncp.com/product/8801047578857.jpg
CU,HK)새싹보리P500ml,2500,1+1,2026-07-01,https://tqklhszfkvzk6518638.edge.naverncp.com/product/8809422041125.png
CU,HK)컨디션환3g,2900,1+1,2026-07-01,https://tqklhszfkvzk6518638.edge.naverncp.com/product/8809422041217.png
CU,해태)갈배사이다P500ml,2300,1+1,2026-07-01,https://tqklhszfkvzk6518638.edge.naverncp.com/product/8801105915679.jpg
CU,코카)환타파인P600ml,2200,1+1,2026-07-01,https://tqklhszfkvzk6518638.edge.naverncp.com/product/8801094132705.png
CU,오뗄)킬바사소시지200g,6700,1+1,2026-07-01,https://tqklhszfkvzk6518638.edge.naverncp.com/product/8802266014423.jpg
CU,질레트)센서3일회용면도기,3000,1+1,2026-07-01,https://tqklhszfkvzk6518638.edge.naverncp.com/product/4902430909303.jpg
CU,한성)배즙숙성후랑크바70g,2000,1+1,2026-07-01,https://tqklhszfkvzk6518638.edge.naverncp.com/product/8801074254052.jpg
CU,순수한면)유기농순면중16P,8900,1+1,2026-07-01,https://tqklhszfkvzk6518638.edge.naverncp.com/product/8801260418596.png
CU,순수한면)유기농순면대14P,8900,1+1,2026-07-01,https://tqklhszfkvzk6518638.edge.naverncp.com/product/8801260418602.PNG
CU,웅진)티즐제로피치P500,2500,1+1,2026-07-01,https://tqklhszfkvzk6518638.edge.naverncp.com/product/8801382148500.png
CU,롯데)마운틴듀캔355ml,1800,1+1,2026-07-01,https://tqklhszfkvzk6518638.edge.naverncp.com/product/8801056716011.jpg
CU,롯데)가나초코바땅콩,1300,2+1,2026-07-01,https://tqklhszfkvzk6518638.edge.naverncp.com/product/8801062628773.jpg
CU,삼경)리콜라허브레몬,3300,2+1,2026-07-01,https://tqklhszfkvzk6518638.edge.naverncp.com/product/7610700607046.jpg
CU,CJ)맛밤80g,3900,2+1,2026-07-01,https://tqklhszfkvzk6518638.edge.naverncp.com/product/8801007022635.jpg
CU,샘표)질러직화육포45g,6500,2+1,2026-07-01,https://tqklhszfkvzk6518638.edge.naverncp.com/product/8801005013307.jpg
CU,롯데)의성마늘핫바70g,2600,2+1,2026-07-01,https://tqklhszfkvzk6518638.edge.naverncp.com/product/8801123307289.jpg
CU,동원)덴마크스트링치즈,1700,2+1,2026-07-01,https://tqklhszfkvzk6518638.edge.naverncp.com/product/8801155834616.jpg
CU,동원)양반전복죽,4500,2+1,2026-07-01,https://tqklhszfkvzk6518638.edge.naverncp.com/product/8801047161578.png
CU,오뚜기)맛있는밥210g,2000,2+1,2026-07-01,https://tqklhszfkvzk6518638.edge.naverncp.com/product/8801045890418.jpg
CU,동원)양반호박죽,4500,2+1,2026-07-01,https://tqklhszfkvzk6518638.edge.naverncp.com/product/8801047161592.png
CU,동원)양반누룽지닭죽,4500,2+1,2026-07-01,https://tqklhszfkvzk6518638.edge.naverncp.com/product/8801047161677.png
CU,CJ)가쓰오우동컵,3900,2+1,2026-07-01,https://tqklhszfkvzk6518638.edge.naverncp.com/product/8801007009377.jpg
CU,티오피)스윗아메캔275ml,2700,2+1,2026-07-01,https://tqklhszfkvzk6518638.edge.naverncp.com/product/8801037087550_1.png
CU,티오피)더블랙캔275ml,2700,2+1,2026-07-01,https://tqklhszfkvzk6518638.edge.naverncp.com/product/8801037087741_1.png
CU,웅진)자연은알로에P500ml,2350,2+1,2026-07-01,https://tqklhszfkvzk6518638.edge.naverncp.com/product/8801382127789.jpg
CU,HK)컨디션헛개병,5000,2+1,2026-07-01,https://tqklhszfkvzk6518638.edge.naverncp.com/product/8801007071046.png
CU,칸타타)라떼캔275ml,2800,2+1,2026-07-01,https://tqklhszfkvzk6518638.edge.naverncp.com/product/8801056018948.png
CU,동아)데미소다애플캔250ml,1700,2+1,2026-07-01,https://tqklhszfkvzk6518638.edge.naverncp.com/product/8801097160064.jpg
CU,롯데)펩시콜라P600ml,2500,2+1,2026-07-01,https://tqklhszfkvzk6518638.edge.naverncp.com/product/8801056193010.png
CU,남양)17차P500ml,2200,2+1,2026-07-01,https://tqklhszfkvzk6518638.edge.naverncp.com/product/8801069174020.jpg
CU,칸타타)카라멜캔275ml,2800,2+1,2026-07-01,https://tqklhszfkvzk6518638.edge.naverncp.com/product/8801056051921.png
CU,광동)헛개파워병,5000,2+1,2026-07-01,https://tqklhszfkvzk6518638.edge.naverncp.com/product/8806002010861.png
CU,매일)바리스타에스프250ml,2900,2+1,2026-07-01,https://tqklhszfkvzk6518638.edge.naverncp.com/product/8801121106792.png
CU,티오피)마스터라떼캔275ml,2700,2+1,2026-07-01,https://tqklhszfkvzk6518638.edge.naverncp.com/product/8801037087543_1.png
CU,일화)맥콜캔250ml,1600,2+1,2026-07-01,https://tqklhszfkvzk6518638.edge.naverncp.com/product/8801223100254.jpg
CU,농심)웰치포도캔355ml,1500,2+1,2026-07-01,https://tqklhszfkvzk6518638.edge.naverncp.com/product/8801043450690.jpg
CU,매일)바리스타스모키250ml,2900,2+1,2026-07-01,https://tqklhszfkvzk6518638.edge.naverncp.com/product/8801121107935.png
CU,농심)카프리썬오렌지팩200,1100,2+1,2026-07-01,https://tqklhszfkvzk6518638.edge.naverncp.com/product/8801043650182.jpg
CU,매일)바리스타모카250ml,2900,2+1,2026-07-01,https://tqklhszfkvzk6518638.edge.naverncp.com/product/8801121107942.png
CU,농심)파워오투오렌지P500,2300,2+1,2026-07-01,https://tqklhszfkvzk6518638.edge.naverncp.com/product/4005906404835.jpg
CU,농심)백산수P500ml,1000,2+1,2026-07-01,https://tqklhszfkvzk6518638.edge.naverncp.com/product/8801043022781.png
CU,HK)컨디션레이디병,5000,2+1,2026-07-01,https://tqklhszfkvzk6518638.edge.naverncp.com/product/8801007178233.png
CU,매일)커피속에모카치노,2000,2+1,2026-07-01,https://tqklhszfkvzk6518638.edge.naverncp.com/product/8801121130568.png
CU,리스테린)쿨민트250ml,5000,2+1,2026-07-01,https://tqklhszfkvzk6518638.edge.naverncp.com/product/8801008700105.jpg
CU,샤프란)섬유유연제1L,4950,2+1,2026-07-01,https://tqklhszfkvzk6518638.edge.naverncp.com/product/8801051263558.jpg
CU,롯데)아이시스8.0P500ml,1100,2+1,2026-07-01,https://tqklhszfkvzk6518638.edge.naverncp.com/product/8801056049881.png
CU,광동)옥수수수염P500ml,2200,2+1,2026-07-01,https://tqklhszfkvzk6518638.edge.naverncp.com/product/8806002006437_1.png
CU,CJ)햇반흑미밥210g,2800,2+1,2026-07-01,https://tqklhszfkvzk6518638.edge.naverncp.com/product/8801007038780.jpg
CU,CJ)햇반발아현미밥210g,2800,2+1,2026-07-01,https://tqklhszfkvzk6518638.edge.naverncp.com/product/8801007010410.jpg
CU,크라운)마이쮸포도,800,2+1,2026-07-01,https://tqklhszfkvzk6518638.edge.naverncp.com/product/8801111187893.jpg
CU,농심)짜파게티범벅소컵,1000,2+1,2026-07-01,https://tqklhszfkvzk6518638.edge.naverncp.com/product/8801043015608.jpg
CU,칸타타)아메캔275ml,2800,2+1,2026-07-01,https://tqklhszfkvzk6518638.edge.naverncp.com/product/8801056018900.png
CU,오리온)통아몬드캔디,2000,2+1,2026-07-01,https://tqklhszfkvzk6518638.edge.naverncp.com/product/8801117331009.jpg
CU,진주햄)천하장사50g,2400,2+1,2026-07-01,https://tqklhszfkvzk6518638.edge.naverncp.com/product/8801077285800.jpg
CU,CJ)햇반작은공기130g,1700,2+1,2026-07-01,https://tqklhszfkvzk6518638.edge.naverncp.com/product/8801007002989.jpg
CU,농심)새우탕큰사발컵,1500,2+1,2026-07-01,https://tqklhszfkvzk6518638.edge.naverncp.com/product/8801043015967.jpg
CU,티오피)더블랙캔380ml,3300,2+1,2026-07-01,https://tqklhszfkvzk6518638.edge.naverncp.com/product/8801037057867_1.png
CU,티오피)스윗아메캔380ml,3300,2+1,2026-07-01,https://tqklhszfkvzk6518638.edge.naverncp.com/product/8801037057843_1.png
CU,농심)오징어짬뽕소컵,1250,2+1,2026-07-01,https://tqklhszfkvzk6518638.edge.naverncp.com/product/8801043015745.jpg
CU,테크)가루세제750g,6500,2+1,2026-07-01,https://tqklhszfkvzk6518638.edge.naverncp.com/product/8801051215632.jpg
CU,롯데)허쉬쿠앤크초콜릿40g,2000,2+1,2026-07-01,https://tqklhszfkvzk6518638.edge.naverncp.com/product/0003400023934.jpg
CU,롯데)가나초코바아몬드,1300,2+1,2026-07-01,https://tqklhszfkvzk6518638.edge.naverncp.com/product/8801062278053.jpg
CU,롯데)허쉬아몬드초콜릿40g,2000,2+1,2026-07-01,https://tqklhszfkvzk6518638.edge.naverncp.com/product/0000000342410.jpg
CU,동아)데자와밀크티캔240ml,1600,2+1,2026-07-01,https://tqklhszfkvzk6518638.edge.naverncp.com/product/8801097481015.jpg
CU,롯데)콜드오렌지250ml,1600,2+1,2026-07-01,https://tqklhszfkvzk6518638.edge.naverncp.com/product/8801056623012.png
CU,롯데)콜드포도250ml,1600,2+1,2026-07-01,https://tqklhszfkvzk6518638.edge.naverncp.com/product/8801056624019.png
CU,리스테린)그린티100ml,2400,2+1,2026-07-01,https://tqklhszfkvzk6518638.edge.naverncp.com/product/8801008700389.jpg
CU,CJ)햇반210g,2100,2+1,2026-07-01,https://tqklhszfkvzk6518638.edge.naverncp.com/product/8801007310572.jpg
CU,리스테린)쿨민트100ml,2400,2+1,2026-07-01,https://tqklhszfkvzk6518638.edge.naverncp.com/product/8801008700174.jpg
CU,삼양사)상쾌환,2900,2+1,2026-07-01,https://tqklhszfkvzk6518638.edge.naverncp.com/product/8801013770087.png
CU,동아)오로나민C병120ml,1500,2+1,2026-07-01,https://tqklhszfkvzk6518638.edge.naverncp.com/product/8801097280014.png
CU,진주햄)천하장사28g,1500,2+1,2026-07-01,https://tqklhszfkvzk6518638.edge.naverncp.com/product/8801077285701.jpg
CU,CJ)큰햇반300g,2900,2+1,2026-07-01,https://tqklhszfkvzk6518638.edge.naverncp.com/product/8801007054186.jpg
CU,CJ)모닝두부오리엔탈150g,2000,2+1,2026-07-01,https://tqklhszfkvzk6518638.edge.naverncp.com/product/8801007069883_1.png
CU,남양)초코에몽250ml,1900,2+1,2026-07-01,https://tqklhszfkvzk6518638.edge.naverncp.com/product/8801069185194.jpg
CU,템포)탐폰레귤라10P,7900,2+1,2026-07-01,https://tqklhszfkvzk6518638.edge.naverncp.com/product/8806011632856.jpg
CU,템포)탐폰슈퍼10P,7900,2+1,2026-07-01,https://tqklhszfkvzk6518638.edge.naverncp.com/product/8806011632771.jpg
CU,가그린)오리지널100ml,2300,2+1,2026-07-01,https://tqklhszfkvzk6518638.edge.naverncp.com/product/8806011616047.png
CU,제니코)스트링치즈,1800,2+1,2026-07-01,https://tqklhszfkvzk6518638.edge.naverncp.com/product/0003090001099.png
CU,갸스비)스파이키왁스80g,9800,2+1,2026-07-01,https://tqklhszfkvzk6518638.edge.naverncp.com/product/4902806125337.jpg
CU,갸스비)그란지매트왁스80g,9800,2+1,2026-07-01,https://tqklhszfkvzk6518638.edge.naverncp.com/product/4902806125894.jpg
CU,네슬레)프루팁스젤리70g,3000,2+1,2026-07-01,https://tqklhszfkvzk6518638.edge.naverncp.com/product/6917878047201.jpg
CU,롯데)키세스밀크52g,2700,2+1,2026-07-01,https://tqklhszfkvzk6518638.edge.naverncp.com/product/8801062641826.jpg
CU,롯데)키세스쿠앤크52g,2700,2+1,2026-07-01,https://tqklhszfkvzk6518638.edge.naverncp.com/product/8801062642021.jpg
CU,정식품)베지밀B검은콩병,2000,2+1,2026-07-01,https://tqklhszfkvzk6518638.edge.naverncp.com/product/8801033799075.jpg
CU,오뚜기)진라면순한컵,1400,2+1,2026-07-01,https://tqklhszfkvzk6518638.edge.naverncp.com/product/8801045571362_1.png
CU,서울)꿀딴지초코우유180ml,1700,2+1,2026-07-01,https://tqklhszfkvzk6518638.edge.naverncp.com/product/8801115384007.jpg
CU,CJ)맥스봉치즈70g,2600,2+1,2026-07-01,https://tqklhszfkvzk6518638.edge.naverncp.com/product/8801007358499.jpg
CU,매일)바이오드링킹딸기,2400,2+1,2026-07-01,https://tqklhszfkvzk6518638.edge.naverncp.com/product/8801121767139.png
CU,매일)바이오드링킹플레,2400,2+1,2026-07-01,https://tqklhszfkvzk6518638.edge.naverncp.com/product/8801121767122.png
CU,가그린)제로100ml,2300,2+1,2026-07-01,https://tqklhszfkvzk6518638.edge.naverncp.com/product/8806011616153.png
7eleven,서울)목장딸기요구르트225ml,2700,1+1,2026-07-01,https://www.7-eleven.co.kr/upload/product/8801115/212010.1.jpg
7eleven,다논)액티비아업플레인210ml,2200,1+1,2026-07-01,https://www.7-eleven.co.kr/upload/product/8809274/510916.1.jpg
7eleven,다논)액티비아업딸기210ml,2200,1+1,2026-07-01,https://www.7-eleven.co.kr/upload/product/8809274/510893.1.jpg
7eleven,매일)바이오플레인드링킹250ml,2400,1+1,2026-07-01,https://www.7-eleven.co.kr/upload/product/8801121/767122.1.jpg
7eleven,매일)바이오딸기드링킹250ml,2400,1+1,2026-07-01,https://www.7-eleven.co.kr/upload/product/8801121/767139.1.jpg
7eleven,매일)바이오블루베리드링킹250ml,2400,1+1,2026-07-01,https://www.7-eleven.co.kr/upload/product/8801121/770757.1.jpg
7eleven,다논)액티비아업복숭아210ml,2200,1+1,2026-07-01,https://www.7-eleven.co.kr/upload/product/8809274/512651.1.jpg
7eleven,풀무원)요거톡스타볼132g,2200,1+1,2026-07-01,https://www.7-eleven.co.kr/upload/product/8809274/513948.1.jpg
7eleven,PB)오구딸기타임200ml,1300,1+1,2026-07-01,https://www.7-eleven.co.kr/upload/product/8801104/671842.1.jpg
7eleven,PB)오구초코타임200ml,1300,1+1,2026-07-01,https://www.7-eleven.co.kr/upload/product/8801104/671859.1.jpg
7eleven,남양)아몬드데이오리지널190ml,1700,1+1,2026-07-01,https://www.7-eleven.co.kr/upload/product/8801069/416441.1.jpg
7eleven,남양)아몬드데이언스위트190ml,1700,1+1,2026-07-01,https://www.7-eleven.co.kr/upload/product/8801069/416458.1.jpg
7eleven,hy)쉼230ml,2400,1+1,2026-07-01,https://www.7-eleven.co.kr/upload/product/8801128/243193.1.jpg
7eleven,동원)쿨피스에이드자두300ml,2000,1+1,2026-07-01,https://www.7-eleven.co.kr/front/img/product/product_list_01.jpg
7eleven,깨끗한)생분해물티슈에코70매(캡,5900,1+1,2026-07-01,https://www.7-eleven.co.kr/front/img/product/product_list_01.jpg
7eleven,CJ)숯불후랑크120g,3700,1+1,2026-07-01,https://www.7-eleven.co.kr/upload/product/8801007/034980.1.jpg
7eleven,하림)더미식시래기된장국350g,4500,1+1,2026-07-01,https://www.7-eleven.co.kr/front/img/product/product_list_01.jpg
7eleven,연세)블루베리요거트300ml,2500,1+1,2026-07-01,https://www.7-eleven.co.kr/upload/product/8801753/110501.1.jpg
7eleven,LG)엘라스틴프로틴헤어세럼100ml,12900,1+1,2026-07-01,https://www.7-eleven.co.kr/front/img/product/product_list_01.jpg
7eleven,하림)더미식김치콩나물국350g,4500,1+1,2026-07-01,https://www.7-eleven.co.kr/front/img/product/product_list_01.jpg
7eleven,동원)쿨피스에이드복숭아300ml,2000,1+1,2026-07-01,https://www.7-eleven.co.kr/front/img/product/product_list_01.jpg
7eleven,피죤)액츠퍼펙트딥클린(겸용)1.4,14900,1+1,2026-07-01,https://www.7-eleven.co.kr/front/img/product/product_list_01.jpg
7eleven,연세)스트로베리요거트300ml,2500,1+1,2026-07-01,https://www.7-eleven.co.kr/upload/product/8801753/110976.1.jpg
7eleven,티젠)콤부차매실10T,8000,1+1,2026-07-01,https://www.7-eleven.co.kr/front/img/product/product_list_01.jpg
7eleven,LG)쏘피유기농대형4P,3500,1+1,2026-07-01,https://www.7-eleven.co.kr/front/img/product/product_list_01.jpg
7eleven,LG)쏘피유기농수퍼롱3P,4700,1+1,2026-07-01,https://www.7-eleven.co.kr/front/img/product/product_list_01.jpg
7eleven,오뚜기)골드치킨마요덮밥(컵밥),5400,1+1,2026-07-01,https://www.7-eleven.co.kr/front/img/product/product_list_01.jpg
7eleven,P&G)페브리즈실내건조370ml_H,12000,1+1,2026-07-01,https://www.7-eleven.co.kr/front/img/product/product_list_01.jpg
7eleven,하림)더미식김치교자140g,5500,1+1,2026-07-01,https://www.7-eleven.co.kr/front/img/product/product_list_01.jpg
7eleven,하림)더미식육즙고기교자140g,5500,1+1,2026-07-01,https://www.7-eleven.co.kr/front/img/product/product_list_01.jpg
7eleven,CJ)숯불불닭맛후랑크120g,3700,1+1,2026-07-01,https://www.7-eleven.co.kr/front/img/product/product_list_01.jpg
7eleven,CJ)맥스봉매콤불고기맛핫바65g,2400,1+1,2026-07-01,https://www.7-eleven.co.kr/front/img/product/product_list_01.jpg
7eleven,풀무원)그릭시그니처150g,3900,1+1,2026-07-01,https://www.7-eleven.co.kr/front/img/product/product_list_01.jpg
7eleven,G)보바티딸기복숭아320ml,2500,1+1,2026-07-01,https://www.7-eleven.co.kr/front/img/product/product_list_01.jpg
7eleven,G)보바티멜론배320ml,2500,1+1,2026-07-01,https://www.7-eleven.co.kr/front/img/product/product_list_01.jpg
7eleven,G)보바티흑당밀크315ml,2500,1+1,2026-07-01,https://www.7-eleven.co.kr/front/img/product/product_list_01.jpg
7eleven,피죤)퓨어뽀드득주방세제레몬(1.,7900,1+1,2026-07-01,https://www.7-eleven.co.kr/front/img/product/product_list_01.jpg
7eleven,LG)쏘피유기농중형4P,3100,1+1,2026-07-01,https://www.7-eleven.co.kr/upload/product/8809299/231162.1.jpg
7eleven,서울)커피타운모카250ml,2600,1+1,2026-07-01,https://www.7-eleven.co.kr/front/img/product/product_list_01.jpg
7eleven,서울)커피타운바닐라250ml,2600,1+1,2026-07-01,https://www.7-eleven.co.kr/front/img/product/product_list_01.jpg
7eleven,깨끗한)건강한순수한면입오버대,11200,1+1,2026-07-01,https://www.7-eleven.co.kr/front/img/product/product_list_01.jpg
7eleven,LG)쏘피유기농무표백수퍼롱3P,4800,1+1,2026-07-01,https://www.7-eleven.co.kr/front/img/product/product_list_01.jpg
7eleven,서울F&B)설빙마시는초코브라우니,1800,1+1,2026-07-01,https://www.7-eleven.co.kr/front/img/product/product_list_01.jpg
7eleven,K리그)산리오물티슈20매,2200,1+1,2026-07-01,https://www.7-eleven.co.kr/front/img/product/product_list_01.jpg
7eleven,정관장)에브리타임리프레시1포,3500,1+1,2026-07-01,https://www.7-eleven.co.kr/front/img/product/product_list_01.jpg
7eleven,CJ)동그란스팸160g,5500,1+1,2026-07-01,https://www.7-eleven.co.kr/front/img/product/product_list_01.jpg
7eleven,삼양)스틱불닭소스16g,700,1+1,2026-07-01,https://www.7-eleven.co.kr/front/img/product/product_list_01.jpg
7eleven,피치)라바삭35g,2800,1+1,2026-07-01,https://www.7-eleven.co.kr/front/img/product/product_list_01.jpg
7eleven,에이스)데일리유기농레몬즙20g,1500,1+1,2026-07-01,https://www.7-eleven.co.kr/front/img/product/product_list_01.jpg
7eleven,디링)아침미소목장한라봉요거트1,5500,1+1,2026-07-01,https://www.7-eleven.co.kr/front/img/product/product_list_01.jpg
7eleven,디링)아침미소목장우도땅콩100ml,5500,1+1,2026-07-01,https://www.7-eleven.co.kr/front/img/product/product_list_01.jpg
7eleven,깨끗한)디어스킨리얼모달오버12P,8600,1+1,2026-07-01,https://www.7-eleven.co.kr/front/img/product/product_list_01.jpg
7eleven,정관장)에브리타임맥스10ml,3500,1+1,2026-07-01,https://www.7-eleven.co.kr/front/img/product/product_list_01.jpg
7eleven,매일)바이오그릭파우치허니120g,3400,1+1,2026-07-01,https://www.7-eleven.co.kr/front/img/product/product_list_01.jpg
7eleven,매일)바이오그릭파우치플레인120,3400,1+1,2026-07-01,https://www.7-eleven.co.kr/front/img/product/product_list_01.jpg
7eleven,정관장)아미노활기력샷20ml,3500,1+1,2026-07-01,https://www.7-eleven.co.kr/front/img/product/product_list_01.jpg
7eleven,티젠)푸룬쏙50G,4000,1+1,2026-07-01,https://www.7-eleven.co.kr/front/img/product/product_list_01.jpg
7eleven,유한)좋은느낌무표백입는오버대,11200,1+1,2026-07-01,https://www.7-eleven.co.kr/front/img/product/product_list_01.jpg
7eleven,유한)좋은느낌울트라날개대4P,2800,1+1,2026-07-01,https://www.7-eleven.co.kr/front/img/product/product_list_01.jpg
7eleven,LG)온더바디발을씻자풋샴푸 레몬,11900,1+1,2026-07-01,https://www.7-eleven.co.kr/front/img/product/product_list_01.jpg
7eleven,정관장)에너지활기력샷20ml,3500,1+1,2026-07-01,https://www.7-eleven.co.kr/front/img/product/product_list_01.jpg
7eleven,티젠)풋사과쏙50G,4000,1+1,2026-07-01,https://www.7-eleven.co.kr/front/img/product/product_list_01.jpg
7eleven,종근당)깨노니땡큐샷30ml,6000,1+1,2026-07-01,https://www.7-eleven.co.kr/front/img/product/product_list_01.jpg
7eleven,PB)오가다대추쌍화280ml,2000,1+1,2026-07-01,https://www.7-eleven.co.kr/front/img/product/product_list_01.jpg
7eleven,PB)오가다레몬꿀물280ml,2000,1+1,2026-07-01,https://www.7-eleven.co.kr/front/img/product/product_list_01.jpg
7eleven,PB)오가다아카시아꿀물280ml,2000,1+1,2026-07-01,https://www.7-eleven.co.kr/front/img/product/product_list_01.jpg
7eleven,PB)생생감자칩페퍼솔트60g,1700,1+1,2026-07-01,https://www.7-eleven.co.kr/front/img/product/product_list_01.jpg
7eleven,뉴트)비비랩푸룬클렌즈샷20ml,3900,1+1,2026-07-01,https://www.7-eleven.co.kr/front/img/product/product_list_01.jpg
7eleven,덴마크)테이크얼라이브자몽200ml,1500,1+1,2026-07-01,https://www.7-eleven.co.kr/front/img/product/product_list_01.jpg
7eleven,덴마크)테이크얼라이브망고200ml,1500,1+1,2026-07-01,https://www.7-eleven.co.kr/front/img/product/product_list_01.jpg
7eleven,티젠)말차라떼7입,7000,1+1,2026-07-01,https://www.7-eleven.co.kr/front/img/product/product_list_01.jpg
7eleven,LS)짠한형화깨수20g,3800,1+1,2026-07-01,https://www.7-eleven.co.kr/front/img/product/product_list_01.jpg
7eleven,남양)과수원사과팩190ml,1000,1+1,2026-07-01,https://www.7-eleven.co.kr/front/img/product/product_list_01.jpg
7eleven,티젠)콤부차10입,8000,1+1,2026-07-01,https://www.7-eleven.co.kr/upload/product/8809071/546552.1.jpg
7eleven,이노엔)컨디션환1입,2900,1+1,2026-07-01,https://www.7-eleven.co.kr/upload/product/8809422/043846.1.jpg
7eleven,티젠)콤부차피치10입,8000,1+1,2026-07-01,https://www.7-eleven.co.kr/upload/product/8809685/980674.1.jpg
7eleven,이노엔)컨디션스틱그린애플,3900,1+1,2026-07-01,https://www.7-eleven.co.kr/upload/product/8809422/043815.1.jpg
7eleven,이노엔)컨디션스틱오리지널,3900,1+1,2026-07-01,https://www.7-eleven.co.kr/upload/product/8809422/043884.1.jpg
7eleven,이노엔)컨디션환3입,8500,1+1,2026-07-01,https://www.7-eleven.co.kr/upload/product/8809422/041293.1.jpg
7eleven,에이스)그릭요거트스타터2g,2500,1+1,2026-07-01,https://www.7-eleven.co.kr/front/img/product/product_list_01.jpg
7eleven,티젠)콤부차파인애플10T,8000,1+1,2026-07-01,https://www.7-eleven.co.kr/upload/product/8809685/980810.1.jpg
7eleven,매일)바이오그릭요거트150g,3400,1+1,2026-07-01,https://www.7-eleven.co.kr/front/img/product/product_list_01.jpg
7eleven,히밥)럭히밥김찌라면큰컵,1900,1+1,2026-07-01,https://www.7-eleven.co.kr/front/img/product/product_list_01.jpg
7eleven,사조)한입피자콤비네이션80g,3000,2+1,2026-07-01,https://www.7-eleven.co.kr/upload/product/8801066/056619.1.jpg
7eleven,사조)한입피자고르곤졸라80g,3000,2+1,2026-07-01,https://www.7-eleven.co.kr/upload/product/8801066/056732.1.jpg
7eleven,빙그레)아카페라카라멜240ml,2000,2+1,2026-07-01,https://www.7-eleven.co.kr/upload/product/8801104/212403.1.jpg
7eleven,빙그레)아카페라바닐라라떼240ml,2000,2+1,2026-07-01,https://www.7-eleven.co.kr/upload/product/8801104/212601.1.jpg
7eleven,덴마크)인포켓치즈20g,1700,2+1,2026-07-01,https://www.7-eleven.co.kr/upload/product/8801155/834616.1.jpg
7eleven,매일)바리스타카라멜250ml,2900,2+1,2026-07-01,https://www.7-eleven.co.kr/upload/product/8801121/755679.1.jpg
7eleven,덴마크)인포켓치즈라이트20g,1700,2+1,2026-07-01,https://www.7-eleven.co.kr/upload/product/8801155/834708.1.jpg
7eleven,매일)바리스타로슈거250ml,2900,2+1,2026-07-01,https://www.7-eleven.co.kr/upload/product/8801121/761823.1.jpg
7eleven,서울)초코우유300ml,2100,2+1,2026-07-01,https://www.7-eleven.co.kr/upload/product/8801115/134220.1.jpg
7eleven,서울)딸기우유300ml,2100,2+1,2026-07-01,https://www.7-eleven.co.kr/upload/product/8801115/134213.1.jpg
7eleven,서울)커피우유300ml,2100,2+1,2026-07-01,https://www.7-eleven.co.kr/upload/product/8801115/135708.1.jpg
7eleven,남양)초코에몽250ml,1900,2+1,2026-07-01,https://www.7-eleven.co.kr/upload/product/8801069/185194.1.jpg
7eleven,뉴초이스)아쌈밀크티300ml,1900,2+1,2026-07-01,https://www.7-eleven.co.kr/upload/product/4711162/987042.1.jpg
7eleven,뉴초이스)아쌈블랙티400ml,1900,2+1,2026-07-01,https://www.7-eleven.co.kr/upload/product/4711162/984508.1.jpg
7eleven,덴마크)얼라이브망고250ml,1700,2+1,2026-07-01,https://www.7-eleven.co.kr/upload/product/8801155/735081.1.jpg
7eleven,덴마크)얼라이브스위티자몽250ml,1700,2+1,2026-07-01,https://www.7-eleven.co.kr/upload/product/8801155/735074.1.jpg
7eleven,서울)딸기꿀단지180ml,1700,2+1,2026-07-01,https://www.7-eleven.co.kr/upload/product/8801115/384014.1.jpg
7eleven,서울)초코꿀단지180ml,1700,2+1,2026-07-01,https://www.7-eleven.co.kr/upload/product/8801115/384007.1.jpg
7eleven,남양)요구르트그란데280ml,1700,2+1,2026-07-01,https://www.7-eleven.co.kr/upload/product/8801069/186351.1.jpg
7eleven,정식품)베지밀B검은콩190ml,2000,2+1,2026-07-01,https://www.7-eleven.co.kr/upload/product/8801033/799075.1.jpg
7eleven,덴마크)딸기딸기우유300ml,2100,2+1,2026-07-01,https://www.7-eleven.co.kr/upload/product/8801155/731632.1.jpg
7eleven,매일)바리스타시그니처드립325ml,3500,2+1,2026-07-01,https://www.7-eleven.co.kr/upload/product/8801121/768167.1.jpg
7eleven,매일)바리스타블랙325ml,3500,2+1,2026-07-01,https://www.7-eleven.co.kr/upload/product/8801121/768174.1.jpg
7eleven,매일)두유오리지널190ml,1400,2+1,2026-07-01,https://www.7-eleven.co.kr/upload/product/8801121/768464.1.jpg
7eleven,매일)두유99.9 190ml,1400,2+1,2026-07-01,https://www.7-eleven.co.kr/upload/product/8801121/768440.1.jpg
7eleven,빙그레)사이즈업라떼350ml,2600,2+1,2026-07-01,https://www.7-eleven.co.kr/upload/product/8801104/304047.1.jpg
7eleven,빙그레)닥터캡슐플레인130ml,2300,2+1,2026-07-01,https://www.7-eleven.co.kr/upload/product/8801104/302739.1.jpg
7eleven,매일)바리스타바닐라빈라떼325ml,3500,2+1,2026-07-01,https://www.7-eleven.co.kr/upload/product/8801121/771402.1.jpg
7eleven,매일)바리스타쇼콜라모카325ml,3500,2+1,2026-07-01,https://www.7-eleven.co.kr/upload/product/8801121/771396.1.jpg
7eleven,덴마크)커피커피300ml,2100,2+1,2026-07-01,https://www.7-eleven.co.kr/upload/product/8801155/731847.1.jpg
7eleven,덴마크)바나바나우유300ml,2100,2+1,2026-07-01,https://www.7-eleven.co.kr/upload/product/8801155/731830.1.jpg
7eleven,덴마크)초코초코우유300ml,2100,2+1,2026-07-01,https://www.7-eleven.co.kr/upload/product/8801155/731625.1.jpg
7eleven,매일)아몬드브리즈초콜릿190ml,1500,2+1,2026-07-01,https://www.7-eleven.co.kr/upload/product/8801121/768068.1.jpg
7eleven,빙그레)사이즈업아메리카노350ml,2600,2+1,2026-07-01,https://www.7-eleven.co.kr/upload/product/8801104/304023.1.jpg
7eleven,덴마크)얼라이브블러드오렌지250,1700,2+1,2026-07-01,https://www.7-eleven.co.kr/upload/product/8801155/735135.1.jpg
7eleven,동서)맥심TOP라떼240ml,2300,2+1,2026-07-01,https://www.7-eleven.co.kr/upload/product/8801037/092240.1.jpg
7eleven,동서)맥심TOP블랙240ml,2300,2+1,2026-07-01,https://www.7-eleven.co.kr/upload/product/8801037/092264.1.jpg
7eleven,동서)맥심TOP볼드라떼컵300ml,2900,2+1,2026-07-01,https://www.7-eleven.co.kr/upload/product/8801115/381761.1.jpg
7eleven,빙그레)사이즈업바닐라라떼350ml,2600,2+1,2026-07-01,https://www.7-eleven.co.kr/upload/product/8801104/306591.1.jpg
7eleven,비락)유기농야채사랑190ml,1700,2+1,2026-07-01,https://www.7-eleven.co.kr/upload/product/8801189/201767.1.jpg
7eleven,비락)유기농당근비트180ml,1700,2+1,2026-07-01,https://www.7-eleven.co.kr/upload/product/8801189/204232.1.jpg
7eleven,정식품)베지밀아몬드호두190ml,2000,2+1,2026-07-01,https://www.7-eleven.co.kr/front/img/product/product_list_01.jpg
7eleven,서울)비요뜨쿠키앤크림131g,2300,2+1,2026-07-01,https://www.7-eleven.co.kr/front/img/product/product_list_01.jpg
7eleven,빙그레)닥터캡슐베리믹스130ml,2300,2+1,2026-07-01,https://www.7-eleven.co.kr/upload/product/8801104/669283.1.jpg
7eleven,매일)두유검은콩190ml,1400,2+1,2026-07-01,https://www.7-eleven.co.kr/upload/product/8801121/025710.1.jpg
7eleven,칠성)오가닉사과&당근주스125ml,1500,2+1,2026-07-01,https://www.7-eleven.co.kr/upload/product/8801056/095413.1.jpg
7eleven,동서)맥심TOP너티카라멜300ml,2900,2+1,2026-07-01,https://www.7-eleven.co.kr/upload/product/8801115/384250.1.jpg
7eleven,빙그레)닥터캡슐사과130ml,2300,2+1,2026-07-01,https://www.7-eleven.co.kr/upload/product/8801104/665421.1.jpg
7eleven,매일)바리스타디카페인325ml,3500,2+1,2026-07-01,https://www.7-eleven.co.kr/upload/product/8801121/027523.1.jpg
7eleven,서울)바나나우유300ml,2100,2+1,2026-07-01,https://www.7-eleven.co.kr/upload/product/8801115/137290.1.jpg
7eleven,빙그레)스페셜티예가체프460ml,3000,2+1,2026-07-01,https://www.7-eleven.co.kr/upload/product/8801104/667043.1.jpg
7eleven,매일)상하치즈아몬드고다48g,2800,2+1,2026-07-01,https://www.7-eleven.co.kr/upload/product/8801121/027431.1.jpg
7eleven,매일)엔요280ml,1700,2+1,2026-07-01,https://www.7-eleven.co.kr/upload/product/8801121/024737.1.jpg
7eleven,덴마크)얼라이브머스캣청포도250,1700,2+1,2026-07-01,https://www.7-eleven.co.kr/upload/product/8801155/732769.1.jpg
7eleven,매일)바리스타아메리카노PET475m,2700,2+1,2026-07-01,https://www.7-eleven.co.kr/upload/product/8801121/031834.1.jpg
7eleven,이디야)카페라떼300ml,3200,2+1,2026-07-01,https://www.7-eleven.co.kr/upload/product/8809388/463917.1.jpg
7eleven,이디야)토피넛라떼300ml,3200,2+1,2026-07-01,https://www.7-eleven.co.kr/upload/product/8809388/463924.1.jpg
7eleven,매일)바리스타라떼PET475ml,2700,2+1,2026-07-01,https://www.7-eleven.co.kr/upload/product/8801121/031858.1.jpg
7eleven,빙그레)더단백초코250ml,2900,2+1,2026-07-01,https://www.7-eleven.co.kr/upload/product/8801104/670876.1.jpg
7eleven,칠성)오가닉적포도&보라당근125m,1500,2+1,2026-07-01,https://www.7-eleven.co.kr/upload/product/8801056/168308.1.jpg
7eleven,이디야)돌체콜드브루300ml,3200,2+1,2026-07-01,https://www.7-eleven.co.kr/upload/product/8809388/463931.1.jpg
7eleven,비알)쿠키앤크림우유190ml,1500,2+1,2026-07-01,https://www.7-eleven.co.kr/upload/product/8809288/633052.1.jpg
7eleven,비알)베리베리스트로베리우유190,1500,2+1,2026-07-01,https://www.7-eleven.co.kr/upload/product/8809288/633045.1.jpg
7eleven,비알)이상한나라솜사탕우유190ml,1500,2+1,2026-07-01,https://www.7-eleven.co.kr/upload/product/8809288/633595.1.jpg
7eleven,일동)하이뮨액티브밀크쉐이크제,2900,2+1,2026-07-01,https://www.7-eleven.co.kr/upload/product/8801157/470959.1.jpg
7eleven,남양)테이크핏초코250ml,2900,2+1,2026-07-01,https://www.7-eleven.co.kr/upload/product/8801069/416007.1.jpg
7eleven,남양)테이크핏고소한맛250ml,2900,2+1,2026-07-01,https://www.7-eleven.co.kr/upload/product/8801069/415833.1.jpg
7eleven,일동)하이뮨액티브딥초코제로250,2900,2+1,2026-07-01,https://www.7-eleven.co.kr/upload/product/8801157/470928.1.jpg
7eleven,비알)민트초코우유190ml,1500,2+1,2026-07-01,https://www.7-eleven.co.kr/upload/product/8809288/633038.1.jpg
7eleven,매일)어메이징오트오리지널190ml,1500,2+1,2026-07-01,https://www.7-eleven.co.kr/upload/product/8801121/033531.1.jpg
7eleven,매일)어메이징오트언스위트190ml,1500,2+1,2026-07-01,https://www.7-eleven.co.kr/upload/product/8801121/033463.1.jpg
7eleven,매일)상하치즈크림치즈48g,2800,2+1,2026-07-01,https://www.7-eleven.co.kr/upload/product/8801121/020388.1.jpg
7eleven,빙그레)더단백커피250ml,2900,2+1,2026-07-01,https://www.7-eleven.co.kr/upload/product/8801104/673211.1.jpg
7eleven,빙그레)스페셜티안티오키아460ml,3000,2+1,2026-07-01,https://www.7-eleven.co.kr/upload/product/8801104/940603.1.jpg
7eleven,남양)테이크핏바나나250ml,2900,2+1,2026-07-01,https://www.7-eleven.co.kr/upload/product/8801069/417554.1.jpg
7eleven,매일)바리스타돌체라떼325ml,3500,2+1,2026-07-01,https://www.7-eleven.co.kr/upload/product/8801121/040416.1.jpg
7eleven,남양)과수원사과200ml,1800,2+1,2026-07-01,https://www.7-eleven.co.kr/upload/product/8801069/416236.1.jpg
7eleven,덴마크)드링킹딸기275ml,2400,2+1,2026-07-01,https://www.7-eleven.co.kr/upload/product/8801155/741822.1.jpg
7eleven,덴마크)드링킹베리믹스275ml,2400,2+1,2026-07-01,https://www.7-eleven.co.kr/upload/product/8801155/741846.1.jpg
7eleven,덴마크)드링킹복숭아275ml,2400,2+1,2026-07-01,https://www.7-eleven.co.kr/upload/product/8801155/741877.1.jpg
7eleven,덴마크)드링킹사과275ml,2400,2+1,2026-07-01,https://www.7-eleven.co.kr/upload/product/8801155/741839.1.jpg
7eleven,덴마크)드링킹플레인275ml,2400,2+1,2026-07-01,https://www.7-eleven.co.kr/upload/product/8801155/741853.1.jpg
7eleven,정식품)고단백검은콩두유190ml,1600,2+1,2026-07-01,https://www.7-eleven.co.kr/front/img/product/product_list_01.jpg
emart24,큐원)상쾌환스틱ZERO(청사과맛)3입,11500,1+1,2026-07-01,https://msave.emart24.co.kr/cmsbo/upload/nHq/plu_image/500x500/8801013777024.JPG
emart24,큐원)상쾌환스틱ZERO(복숭아맛)3입,11500,1+1,2026-07-01,https://msave.emart24.co.kr/cmsbo/upload/nHq/plu_image/500x500/8801013777499.JPG
emart24,풀무원)곡물차하루귀리펫500ml,2500,1+1,2026-07-01,https://msave.emart24.co.kr/cmsbo/upload/nHq/plu_image/500x500/8809169710872.JPG
emart24,하이네켄)넌알콜330ml,3500,1+1,2026-07-01,https://msave.emart24.co.kr/cmsbo/upload/nHq/plu_image/500x500/8712000055721.JPG
emart24,하이네켄)넌알콜500ml,4500,1+1,2026-07-01,https://msave.emart24.co.kr/cmsbo/upload/nHq/plu_image/500x500/8712000056896.JPG
emart24,오비)버드와이저제로캔500ml,4500,1+1,2026-07-01,https://msave.emart24.co.kr/cmsbo/upload/nHq/plu_image/500x500/8801021229423.JPG
emart24,롯데)클라우드논알콜릭캔500ml,2800,1+1,2026-07-01,https://msave.emart24.co.kr/cmsbo/upload/nHq/plu_image/500x500/8801022025048.JPG
emart24,롯데)클라우드논알콜릭캔350ml,1500,1+1,2026-07-01,https://msave.emart24.co.kr/cmsbo/upload/nHq/plu_image/500x500/8801022025086.JPG
emart24,CJ)풍성영양비오틴구미,3900,1+1,2026-07-01,https://msave.emart24.co.kr/cmsbo/upload/nHq/plu_image/500x500/8801392174940.JPG
emart24,CJ)뼈건강비타민D&아연구미,3900,1+1,2026-07-01,https://msave.emart24.co.kr/cmsbo/upload/nHq/plu_image/500x500/8801392174964.JPG
emart24,CJ)멀티비타민&미네랄구미,3900,1+1,2026-07-01,https://msave.emart24.co.kr/cmsbo/upload/nHq/plu_image/500x500/8801392175022.JPG
emart24,동화)마그랩포스트레스25ml,3900,1+1,2026-07-01,https://msave.emart24.co.kr/cmsbo/upload/nHq/plu_image/500x500/8806129204051.JPG
emart24,동화)마그랩포에너지25ml,3900,1+1,2026-07-01,https://msave.emart24.co.kr/cmsbo/upload/nHq/plu_image/500x500/8806129204075.JPG
emart24,고려은단)메가도스이뮨샷,5000,1+1,2026-07-01,https://msave.emart24.co.kr/cmsbo/upload/nHq/plu_image/500x500/8809497532597.JPG
emart24,오븐)숯불통다리(판매용),4800,1+1,2026-07-01,https://msave.emart24.co.kr/cmsbo/upload/nHq/plu_image/500x500/1500000159023.JPG
emart24,다우니퍼퓸)블랙미스티크향1L,15400,1+1,2026-07-01,https://msave.emart24.co.kr/cmsbo/upload/nHq/plu_image/500x500/4902430507332.JPG
emart24,질레트)마하3클래식면도기,16000,1+1,2026-07-01,https://msave.emart24.co.kr/cmsbo/upload/nHq/plu_image/500x500/4902430540872.JPG
emart24,페브리즈)포맨용기370ml,12000,1+1,2026-07-01,https://msave.emart24.co.kr/cmsbo/upload/nHq/plu_image/500x500/4902430643191.JPG
emart24,페브리즈)다우니향용기370ml(New),12000,1+1,2026-07-01,https://msave.emart24.co.kr/cmsbo/upload/nHq/plu_image/500x500/4902430741880.JPG
emart24,다우니)실내건조1L,15400,1+1,2026-07-01,https://msave.emart24.co.kr/cmsbo/upload/nHq/plu_image/500x500/4902430850322.JPG
emart24,헤이와도)레몬슈가도넛쿠키70g,2800,1+1,2026-07-01,https://msave.emart24.co.kr/cmsbo/upload/nHq/plu_image/500x500/4902477170537.JPG
emart24,헤이와도)미니초코칩스콘쿠키50g,2800,1+1,2026-07-01,https://msave.emart24.co.kr/cmsbo/upload/nHq/plu_image/500x500/4902477170575.JPG
emart24,헤이와도)구운우유도넛쿠키58g,2800,1+1,2026-07-01,https://msave.emart24.co.kr/cmsbo/upload/nHq/plu_image/500x500/4902477170582.JPG
emart24,헤이와도)구운고구마도넛쿠키45g,2800,1+1,2026-07-01,https://msave.emart24.co.kr/cmsbo/upload/nHq/plu_image/500x500/4902477170599.JPG
emart24,헤이와도)메론빵쿠키43g,2800,1+1,2026-07-01,https://msave.emart24.co.kr/cmsbo/upload/nHq/plu_image/500x500/4902477170605.JPG
emart24,헤이와도)초코브라우니쿠키40g,2800,1+1,2026-07-01,https://msave.emart24.co.kr/cmsbo/upload/nHq/plu_image/500x500/4902477800205.JPG
emart24,페브리즈)미스티크향용기370ml,12000,1+1,2026-07-01,https://msave.emart24.co.kr/cmsbo/upload/nHq/plu_image/500x500/4987176228109.JPG
emart24,옐로우)맛있는군밤80g(S),3500,1+1,2026-07-01,https://msave.emart24.co.kr/cmsbo/upload/nHq/plu_image/500x500/6930343451235.JPG
emart24,아임이)맛있는군밤80g(S)new,3500,1+1,2026-07-01,https://msave.emart24.co.kr/cmsbo/upload/nHq/plu_image/500x500/6930343479819.JPG
emart24,호올스)제로슈가민트수박향15.4g,2000,1+1,2026-07-01,https://msave.emart24.co.kr/cmsbo/upload/nHq/plu_image/500x500/7622202342103.JPG
emart24,호올스)제로슈가민트민트향15.4g,2000,1+1,2026-07-01,https://msave.emart24.co.kr/cmsbo/upload/nHq/plu_image/500x500/7622202342134.JPG
emart24,후버)사과주스200ml(S),1400,1+1,2026-07-01,https://msave.emart24.co.kr/cmsbo/upload/nHq/plu_image/500x500/8410707007479.JPG
emart24,후버)파인애플&사과&포도주스200ml(S),1400,1+1,2026-07-01,https://msave.emart24.co.kr/cmsbo/upload/nHq/plu_image/500x500/8410707007486.JPG
emart24,후버)오렌지주스200ml(S),1400,1+1,2026-07-01,https://msave.emart24.co.kr/cmsbo/upload/nHq/plu_image/500x500/8410707007493.JPG
emart24,후버)복숭아&포도주스200ml(S),1400,1+1,2026-07-01,https://msave.emart24.co.kr/cmsbo/upload/nHq/plu_image/500x500/8410707007509.JPG
emart24,말차310)통딸기말차모찌70g(냉동),2900,1+1,2026-07-01,https://msave.emart24.co.kr/cmsbo/upload/nHq/plu_image/500x500/8800244010559.JPG
emart24,자망요)자망요크림모찌60g(냉동),2900,1+1,2026-07-01,https://msave.emart24.co.kr/cmsbo/upload/nHq/plu_image/500x500/8800244010689.JPG
emart24,에스엠)소보로도넛골드치즈40g,1800,1+1,2026-07-01,https://msave.emart24.co.kr/cmsbo/upload/nHq/plu_image/500x500/8800263690237.JPG
emart24,에스엠)소보로도넛코코넛40g,1800,1+1,2026-07-01,https://msave.emart24.co.kr/cmsbo/upload/nHq/plu_image/500x500/8800263690268.JPG
emart24,에스엠)소보로도넛블루베리40g,1800,1+1,2026-07-01,https://msave.emart24.co.kr/cmsbo/upload/nHq/plu_image/500x500/8800263690275.JPG
emart24,알디콤)숙취해소제V,4800,1+1,2026-07-01,https://msave.emart24.co.kr/cmsbo/upload/nHq/plu_image/500x500/8800309770046.JPG
emart24,하이트)제로(무알콜)캔500ml,2800,1+1,2026-07-01,https://msave.emart24.co.kr/cmsbo/upload/nHq/plu_image/500x500/8801001236434.JPG
emart24,하이트)테라제로캔350ml,2400,1+1,2026-07-01,https://msave.emart24.co.kr/cmsbo/upload/nHq/plu_image/500x500/8801001237882.JPG
emart24,하이트)블랙보리펫520ml,2500,1+1,2026-07-01,https://msave.emart24.co.kr/cmsbo/upload/nHq/plu_image/500x500/8801001238049.JPG
emart24,하이트)블랙보리라이트펫520ml,2200,1+1,2026-07-01,https://msave.emart24.co.kr/cmsbo/upload/nHq/plu_image/500x500/8801001238179.JPG
emart24,하이트)블랙보리누룽지펫520ml,2200,1+1,2026-07-01,https://msave.emart24.co.kr/cmsbo/upload/nHq/plu_image/500x500/8801001238391.JPG
emart24,CJ)국산콩두부찌개용380G,5900,1+1,2026-07-01,https://msave.emart24.co.kr/cmsbo/upload/nHq/plu_image/500x500/8801007009322.JPG
emart24,CJ)햇반발아현미밥210g(36),2900,1+1,2026-07-01,https://msave.emart24.co.kr/cmsbo/upload/nHq/plu_image/500x500/8801007010410.JPG
emart24,CJ)맥스봉치즈50g,2200,1+1,2026-07-01,https://msave.emart24.co.kr/cmsbo/upload/nHq/plu_image/500x500/8801007021652.JPG
emart24,CJ)동치미냉면육수300g,2500,1+1,2026-07-01,https://msave.emart24.co.kr/cmsbo/upload/nHq/plu_image/500x500/8801007033686.JPG
emart24,CJ)국산콩두부부침용380G,5900,1+1,2026-07-01,https://msave.emart24.co.kr/cmsbo/upload/nHq/plu_image/500x500/8801007034287.JPG
emart24,CJ)백설햄숯불갈비후랑크120g,3700,1+1,2026-07-01,https://msave.emart24.co.kr/cmsbo/upload/nHq/plu_image/500x500/8801007034980.JPG
emart24,CJ)햇반흑미밥210g(36),2900,1+1,2026-07-01,https://msave.emart24.co.kr/cmsbo/upload/nHq/plu_image/500x500/8801007038780.JPG
emart24,CJ)전통냉면사리150g,2500,1+1,2026-07-01,https://msave.emart24.co.kr/cmsbo/upload/nHq/plu_image/500x500/8801007071497.JPG
emart24,CJ)행복한콩찌개두부300g,1800,1+1,2026-07-01,https://msave.emart24.co.kr/cmsbo/upload/nHq/plu_image/500x500/8801007112480.JPG
emart24,CJ)행복한콩부침두부300g,1800,1+1,2026-07-01,https://msave.emart24.co.kr/cmsbo/upload/nHq/plu_image/500x500/8801007112497.JPG
emart24,CJ)스팸싱글클래식80g,3900,1+1,2026-07-01,https://msave.emart24.co.kr/cmsbo/upload/nHq/plu_image/500x500/8801007117515.JPG
emart24,CJ)행복한콩순두부350G,1800,1+1,2026-07-01,https://msave.emart24.co.kr/cmsbo/upload/nHq/plu_image/500x500/8801007121680.JPG
emart24,HK)헛개수펫500ml,2500,1+1,2026-07-01,https://msave.emart24.co.kr/cmsbo/upload/nHq/plu_image/500x500/8801007171210.JPG
emart24,CJ)맥스봉청양고추후랑크80g,2700,1+1,2026-07-01,https://msave.emart24.co.kr/cmsbo/upload/nHq/plu_image/500x500/8801007348308.JPG
emart24,CJ) 행복한콩찌개두부380G,2900,1+1,2026-07-01,https://msave.emart24.co.kr/cmsbo/upload/nHq/plu_image/500x500/8801007354125.JPG
emart24,CJ) 행복한콩부침두부380G,2900,1+1,2026-07-01,https://msave.emart24.co.kr/cmsbo/upload/nHq/plu_image/500x500/8801007354163.JPG
emart24,CJ)맥스봉치즈70g,2600,1+1,2026-07-01,https://msave.emart24.co.kr/cmsbo/upload/nHq/plu_image/500x500/8801007358499.JPG
emart24,CJ)맥스봉빅소시지150g,3900,1+1,2026-07-01,https://msave.emart24.co.kr/cmsbo/upload/nHq/plu_image/500x500/8801007403793.JPG
emart24,CJ)비비고사골곰탕500g,2900,1+1,2026-07-01,https://msave.emart24.co.kr/cmsbo/upload/nHq/plu_image/500x500/8801007526492.JPG
emart24,CJ)안심아삭콩나물380g,3900,1+1,2026-07-01,https://msave.emart24.co.kr/cmsbo/upload/nHq/plu_image/500x500/8801007565309.JPG
emart24,CJ)맥스봉구운마늘후랑크80g,2700,1+1,2026-07-01,https://msave.emart24.co.kr/cmsbo/upload/nHq/plu_image/500x500/8801007618807.JPG
emart24,CJ)비비고직화참기름김12봉,10800,1+1,2026-07-01,https://msave.emart24.co.kr/cmsbo/upload/nHq/plu_image/500x500/8801007625058.JPG
emart24,CJ)비비고직화들기름김12봉,10800,1+1,2026-07-01,https://msave.emart24.co.kr/cmsbo/upload/nHq/plu_image/500x500/8801007683522.JPG
emart24,CJ)행복한콩국산콩연두부140g,2400,1+1,2026-07-01,https://msave.emart24.co.kr/cmsbo/upload/nHq/plu_image/500x500/8801007711140.JPG
emart24,CJ)비비고갈비탕400G,7900,1+1,2026-07-01,https://msave.emart24.co.kr/cmsbo/upload/nHq/plu_image/500x500/8801007712079.JPG
emart24,CJ)비비고차돌된장찌개460G,9900,1+1,2026-07-01,https://msave.emart24.co.kr/cmsbo/upload/nHq/plu_image/500x500/8801007737089.JPG
emart24,CJ)오리지널김스낵40g,4900,1+1,2026-07-01,https://msave.emart24.co.kr/cmsbo/upload/nHq/plu_image/500x500/8801007761503.JPG
emart24,CJ)비비고돼지고기김치찌개460G,9900,1+1,2026-07-01,https://msave.emart24.co.kr/cmsbo/upload/nHq/plu_image/500x500/8801007761749.JPG
emart24,CJ)맥스봉오리지널50g,2200,1+1,2026-07-01,https://msave.emart24.co.kr/cmsbo/upload/nHq/plu_image/500x500/8801007849126.JPG
emart24,CJ)비비고한우사골곰탕500g,3200,1+1,2026-07-01,https://msave.emart24.co.kr/cmsbo/upload/nHq/plu_image/500x500/8801007849805.JPG
emart24,CJ)닭가슴살직화스테이크100g,4500,1+1,2026-07-01,https://msave.emart24.co.kr/cmsbo/upload/nHq/plu_image/500x500/8801007880402.JPG
emart24,CJ)닭가슴살소시지핫바80g,2900,1+1,2026-07-01,https://msave.emart24.co.kr/cmsbo/upload/nHq/plu_image/500x500/8801007899985.JPG
emart24,CJ)맛밤60g*4입,14500,1+1,2026-07-01,https://msave.emart24.co.kr/cmsbo/upload/nHq/plu_image/500x500/8801007908861.JPG
emart24,CJ)닭가슴살청양고추핫바80g,2900,1+1,2026-07-01,https://msave.emart24.co.kr/cmsbo/upload/nHq/plu_image/500x500/8801007951805.JPG
emart24,바프)와삭콘치킨맛땅콩30g,1500,2+1,2026-07-01,https://msave.emart24.co.kr/cmsbo/upload/nHq/plu_image/500x500/8800279453291.JPG
emart24,사조)불고기피자80g,3000,2+1,2026-07-01,https://msave.emart24.co.kr/cmsbo/upload/nHq/plu_image/500x500/8801066066120.JPG
emart24,오비)카스제로캔500ml,2800,2+1,2026-07-01,https://msave.emart24.co.kr/cmsbo/upload/nHq/plu_image/500x500/8801858046149.JPG
emart24,오비)카스레몬스퀴즈제로캔473ml,2800,2+1,2026-07-01,https://msave.emart24.co.kr/cmsbo/upload/nHq/plu_image/500x500/8801858048259.JPG
emart24,종근당건강)락토핏골드10포,5300,2+1,2026-07-01,https://msave.emart24.co.kr/cmsbo/upload/nHq/plu_image/500x500/8805915807919.JPG
emart24,종근당건강)아임비타멀티비타이뮨샷,4700,2+1,2026-07-01,https://msave.emart24.co.kr/cmsbo/upload/nHq/plu_image/500x500/8805915808114.JPG
emart24,제니코)플레인스트링치즈24g,1800,2+1,2026-07-01,https://msave.emart24.co.kr/cmsbo/upload/nHq/plu_image/500x500/030900010991.JPG
emart24,롯데)허쉬쿠키앤크림40g(냉장),2000,2+1,2026-07-01,https://msave.emart24.co.kr/cmsbo/upload/nHq/plu_image/500x500/034000239344.JPG
emart24,롯데)허쉬크리미밀크40g(냉장),2000,2+1,2026-07-01,https://msave.emart24.co.kr/cmsbo/upload/nHq/plu_image/500x500/03424005.JPG
emart24,롯데)허쉬크리미밀크아몬드40g(냉장),2000,2+1,2026-07-01,https://msave.emart24.co.kr/cmsbo/upload/nHq/plu_image/500x500/03424102.JPG
emart24,제니코)본가드체다스틱치즈28g,1800,2+1,2026-07-01,https://msave.emart24.co.kr/cmsbo/upload/nHq/plu_image/500x500/071078700000.JPG
emart24,제니코)본가드마블잭스틱치즈28g,1800,2+1,2026-07-01,https://msave.emart24.co.kr/cmsbo/upload/nHq/plu_image/500x500/071078700109.JPG
emart24,니베아)엑스트라브라이트데오60ml(스프레이),7900,2+1,2026-07-01,https://msave.emart24.co.kr/cmsbo/upload/nHq/plu_image/500x500/4005808512836.JPG
emart24,니베아)센서티브쉐이빙폼200ml,7700,2+1,2026-07-01,https://msave.emart24.co.kr/cmsbo/upload/nHq/plu_image/500x500/4005808817207.JPG
emart24,니베아)퍼펙트선세럼90ml,20800,2+1,2026-07-01,https://msave.emart24.co.kr/cmsbo/upload/nHq/plu_image/500x500/4005808984763.JPG
emart24,농심)파워오투오렌지레몬펫500ml,2300,2+1,2026-07-01,https://msave.emart24.co.kr/cmsbo/upload/nHq/plu_image/500x500/4005906404835.JPG
emart24,히츨러)히치스수수깡젤리오리지날40g(A),2900,2+1,2026-07-01,https://msave.emart24.co.kr/cmsbo/upload/nHq/plu_image/500x500/4100250052401.JPG
emart24,니베아)모이스처선로션100ml,17800,2+1,2026-07-01,https://msave.emart24.co.kr/cmsbo/upload/nHq/plu_image/500x500/42467083.JPG
emart24,농심)보노콘스프3입,4400,2+1,2026-07-01,https://msave.emart24.co.kr/cmsbo/upload/nHq/plu_image/500x500/4901001021994.JPG
emart24,농심)보노체다치즈스프3입,4400,2+1,2026-07-01,https://msave.emart24.co.kr/cmsbo/upload/nHq/plu_image/500x500/4901001123094.JPG
emart24,훼밀리)S&B생와사비43g,4000,2+1,2026-07-01,https://msave.emart24.co.kr/cmsbo/upload/nHq/plu_image/500x500/4901002166373.JPG
emart24,농심)치타라24g,3900,2+1,2026-07-01,https://msave.emart24.co.kr/cmsbo/upload/nHq/plu_image/500x500/4902181097373.JPG
emart24,농심)야키호타테카이히모14g(가리비덧살),3900,2+1,2026-07-01,https://msave.emart24.co.kr/cmsbo/upload/nHq/plu_image/500x500/4902181098738.JPG
emart24,비페스타)미셀라클렌징시트 모이스트10매,3800,2+1,2026-07-01,https://msave.emart24.co.kr/cmsbo/upload/nHq/plu_image/500x500/4902806421552.JPG
emart24,네슬레)프루팁스70g,3000,2+1,2026-07-01,https://msave.emart24.co.kr/cmsbo/upload/nHq/plu_image/500x500/6917878047201.JPG
emart24,옐로우)달콤바삭쌀과자100g(S),1900,2+1,2026-07-01,https://msave.emart24.co.kr/cmsbo/upload/nHq/plu_image/500x500/6926215386002.JPG
emart24,옐로우)고소바삭쌀과자100g(S),1900,2+1,2026-07-01,https://msave.emart24.co.kr/cmsbo/upload/nHq/plu_image/500x500/6926215386033.JPG
emart24,시원)키즈스타검볼35g,3500,2+1,2026-07-01,https://msave.emart24.co.kr/cmsbo/upload/nHq/plu_image/500x500/6933618000046.JPG
emart24,시원)럭키잭팟검볼40g,3500,2+1,2026-07-01,https://msave.emart24.co.kr/cmsbo/upload/nHq/plu_image/500x500/6933618000053.JPG
emart24,시원)슬램덩크검볼19g,3500,2+1,2026-07-01,https://msave.emart24.co.kr/cmsbo/upload/nHq/plu_image/500x500/6933618000091.JPG
emart24,몽뜨)설곤약향라맛30g,1200,2+1,2026-07-01,https://msave.emart24.co.kr/cmsbo/upload/nHq/plu_image/500x500/6940434621157.JPG
emart24,리콜라)무설탕크랜베리,3300,2+1,2026-07-01,https://msave.emart24.co.kr/cmsbo/upload/nHq/plu_image/500x500/7610700009338.JPG
emart24,리콜라)무설탕레몬,3300,2+1,2026-07-01,https://msave.emart24.co.kr/cmsbo/upload/nHq/plu_image/500x500/7610700607046.JPG
emart24,호올스)스트로베리27.9g,1200,2+1,2026-07-01,https://msave.emart24.co.kr/cmsbo/upload/nHq/plu_image/500x500/7622202364471.JPG
emart24,보노미)글라사떼패스츄리135g,2000,2+1,2026-07-01,https://msave.emart24.co.kr/cmsbo/upload/nHq/plu_image/500x500/8002720001253.JPG
emart24,씨21)그린올리브스낵,2100,2+1,2026-07-01,https://msave.emart24.co.kr/cmsbo/upload/nHq/plu_image/500x500/819340003691.JPG
emart24,씨21)스파이시올리브스낵,2100,2+1,2026-07-01,https://msave.emart24.co.kr/cmsbo/upload/nHq/plu_image/500x500/819340003707.JPG
emart24,랩노쉬)프로틴퍼펙트초코350ml,3800,2+1,2026-07-01,https://msave.emart24.co.kr/cmsbo/upload/nHq/plu_image/500x500/8800261387450.JPG
emart24,랩노쉬)프로틴퍼펙트그레인350ml,3800,2+1,2026-07-01,https://msave.emart24.co.kr/cmsbo/upload/nHq/plu_image/500x500/8800261387467.JPG
emart24,랩노쉬)프로틴퍼펙트바나나350ml,3800,2+1,2026-07-01,https://msave.emart24.co.kr/cmsbo/upload/nHq/plu_image/500x500/8800261387474.JPG
emart24,랩노쉬)프로틴퍼펙트쿠앤크350ml,3800,2+1,2026-07-01,https://msave.emart24.co.kr/cmsbo/upload/nHq/plu_image/500x500/8800261388594.JPG
emart24,에스엠)달광도넛초코45g,1500,2+1,2026-07-01,https://msave.emart24.co.kr/cmsbo/upload/nHq/plu_image/500x500/8800263690008.JPG
emart24,에스엠)달광도넛바나나45g,1500,2+1,2026-07-01,https://msave.emart24.co.kr/cmsbo/upload/nHq/plu_image/500x500/8800263690022.JPG
emart24,에스엠)달광도넛골드치즈45g,1500,2+1,2026-07-01,https://msave.emart24.co.kr/cmsbo/upload/nHq/plu_image/500x500/8800263690046.JPG
emart24,에이블)더블콘솜사탕18g,1800,2+1,2026-07-01,https://msave.emart24.co.kr/cmsbo/upload/nHq/plu_image/500x500/8800292950098.JPG
emart24,투민)유기농데일리레몬수펫500ml,2000,2+1,2026-07-01,https://msave.emart24.co.kr/cmsbo/upload/nHq/plu_image/500x500/8800303660114.JPG
emart24,싱하)레몬소다제로캔355ml,2000,2+1,2026-07-01,https://msave.emart24.co.kr/cmsbo/upload/nHq/plu_image/500x500/8800307632315.JPG
emart24,싱하)유자향소다제로캔355ml,2000,2+1,2026-07-01,https://msave.emart24.co.kr/cmsbo/upload/nHq/plu_image/500x500/8800307632339.JPG
emart24,하림)훌라면112g,1600,2+1,2026-07-01,https://msave.emart24.co.kr/cmsbo/upload/nHq/plu_image/500x500/8800354750161.JPG
emart24,하림)훌라면112g*4입,6400,2+1,2026-07-01,https://msave.emart24.co.kr/cmsbo/upload/nHq/plu_image/500x500/8800354750178.JPG
emart24,하림)치킨왕라면컵102g,1800,2+1,2026-07-01,https://msave.emart24.co.kr/cmsbo/upload/nHq/plu_image/500x500/8800354750277.JPG
emart24,에스엠)삼각카스테라딸기90G,2000,2+1,2026-07-01,https://msave.emart24.co.kr/cmsbo/upload/nHq/plu_image/500x500/8800359560000.JPG
emart24,에스엠)삼각카스테라초코90G,2000,2+1,2026-07-01,https://msave.emart24.co.kr/cmsbo/upload/nHq/plu_image/500x500/8800359560017.JPG
emart24,에스엠)삼각카스테라치즈90G,2000,2+1,2026-07-01,https://msave.emart24.co.kr/cmsbo/upload/nHq/plu_image/500x500/8800359560024.JPG
emart24,하이트)토닉워터펫300ml,1900,2+1,2026-07-01,https://msave.emart24.co.kr/cmsbo/upload/nHq/plu_image/500x500/8801001236076.JPG
emart24,하이트)토닉워터제로펫300ml,1900,2+1,2026-07-01,https://msave.emart24.co.kr/cmsbo/upload/nHq/plu_image/500x500/8801001236243.JPG
emart24,질러)부드러운육포30g,4900,2+1,2026-07-01,https://msave.emart24.co.kr/cmsbo/upload/nHq/plu_image/500x500/8801005013116.JPG
emart24,질러)크레이지핫육포30g,4900,2+1,2026-07-01,https://msave.emart24.co.kr/cmsbo/upload/nHq/plu_image/500x500/8801005013215.JPG
emart24,샘표)우리엄마고추장고기볶음95g(new),3400,2+1,2026-07-01,https://msave.emart24.co.kr/cmsbo/upload/nHq/plu_image/500x500/8801005381819.JPG
emart24,샘표)메추리알장조림,3800,2+1,2026-07-01,https://msave.emart24.co.kr/cmsbo/upload/nHq/plu_image/500x500/8801005484824.JPG
emart24,CJ)햇반작은공기130g,1700,2+1,2026-07-01,https://msave.emart24.co.kr/cmsbo/upload/nHq/plu_image/500x500/8801007002989.JPG
emart24,CJ)맛밤80g,3900,2+1,2026-07-01,https://msave.emart24.co.kr/cmsbo/upload/nHq/plu_image/500x500/8801007022635.JPG
emart24,CJ)스팸라이트200g,6900,2+1,2026-07-01,https://msave.emart24.co.kr/cmsbo/upload/nHq/plu_image/500x500/8801007029658.JPG
emart24,CJ)햇반210g*6입,11200,2+1,2026-07-01,https://msave.emart24.co.kr/cmsbo/upload/nHq/plu_image/500x500/8801007037783.JPG
emart24,CJ)큰햇반300g(30),2900,2+1,2026-07-01,https://msave.emart24.co.kr/cmsbo/upload/nHq/plu_image/500x500/8801007054186.JPG
emart24,CJ)햇반200g*3입,5700,2+1,2026-07-01,https://msave.emart24.co.kr/cmsbo/upload/nHq/plu_image/500x500/8801007066271.JPG
emart24,CJ)행복한콩모닝두부오리엔탈150G,2200,2+1,2026-07-01,https://msave.emart24.co.kr/cmsbo/upload/nHq/plu_image/500x500/8801007069883.JPG
emart24,HK)컨디션병100ml,5000,2+1,2026-07-01,https://msave.emart24.co.kr/cmsbo/upload/nHq/plu_image/500x500/8801007071046.JPG
emart24,CJ)행복한콩모닝두부참깨드레싱150G,2200,2+1,2026-07-01,https://msave.emart24.co.kr/cmsbo/upload/nHq/plu_image/500x500/8801007084930.JPG
emart24,CJ)해찬들태양초골드고추장1KG,20800,2+1,2026-07-01,https://msave.emart24.co.kr/cmsbo/upload/nHq/plu_image/500x500/8801007166599.JPG
emart24,HK)컨디션레이디병100ml,5000,2+1,2026-07-01,https://msave.emart24.co.kr/cmsbo/upload/nHq/plu_image/500x500/8801007178233.JPG
emart24,CJ)햇반작은공기130G*3,5100,2+1,2026-07-01,https://msave.emart24.co.kr/cmsbo/upload/nHq/plu_image/500x500/8801007256238.JPG
emart24,CJ)비비고썰은배추김치60g,1350,2+1,2026-07-01,https://msave.emart24.co.kr/cmsbo/upload/nHq/plu_image/500x500/8801007280417.JPG
emart24,CJ)비비고썰은배추김치100g,2000,2+1,2026-07-01,https://msave.emart24.co.kr/cmsbo/upload/nHq/plu_image/500x500/8801007280431.JPG
emart24,CJ)햇반300g*3입,8300,2+1,2026-07-01,https://msave.emart24.co.kr/cmsbo/upload/nHq/plu_image/500x500/8801007289649.JPG
emart24,CJ)햇반210g(48),2100,2+1,2026-07-01,https://msave.emart24.co.kr/cmsbo/upload/nHq/plu_image/500x500/8801007310572.JPG
emart24,CJ)햇반스팸김치볶음밥컵220g,3900,2+1,2026-07-01,https://msave.emart24.co.kr/cmsbo/upload/nHq/plu_image/500x500/8801007353395.JPG
emart24,CJ)맛군밤60g,3900,2+1,2026-07-01,https://msave.emart24.co.kr/cmsbo/upload/nHq/plu_image/500x500/8801007427386.JPG
emart24,CJ)비비고찐만두168g,4900,2+1,2026-07-01,https://msave.emart24.co.kr/cmsbo/upload/nHq/plu_image/500x500/8801007429298.JPG
emart24,CJ)스팸클래식340g,8900,2+1,2026-07-01,https://msave.emart24.co.kr/cmsbo/upload/nHq/plu_image/500x500/8801007512235.JPG
emart24,오뚜기)진라면약간매운맛봉지,1000,3+1,2026-07-01,https://msave.emart24.co.kr/cmsbo/upload/nHq/plu_image/500x500/8801045014869.JPG
emart24,오뚜기)진라면약간매운맛*5입,5000,3+1,2026-07-01,https://msave.emart24.co.kr/cmsbo/upload/nHq/plu_image/500x500/8801045152479.JPG
emart24,오뚜기)진라면순한맛봉지,1000,3+1,2026-07-01,https://msave.emart24.co.kr/cmsbo/upload/nHq/plu_image/500x500/8801045520117.JPG
emart24,오뚜기)진라면매운맛봉지,1000,3+1,2026-07-01,https://msave.emart24.co.kr/cmsbo/upload/nHq/plu_image/500x500/8801045520124.JPG
emart24,오뚜기)진라면순한맛봉지*5입,5000,3+1,2026-07-01,https://msave.emart24.co.kr/cmsbo/upload/nHq/plu_image/500x500/8801045522234.JPG
emart24,오뚜기)진라면매운맛봉지*5입,5000,3+1,2026-07-01,https://msave.emart24.co.kr/cmsbo/upload/nHq/plu_image/500x500/8801045522265.JPG
emart24,웨이샹)충칭마라탕면,2700,3+1,2026-07-01,https://msave.emart24.co.kr/cmsbo/upload/nHq/plu_image/500x500/8809990947508.JPG
emart24,웨이샹)충칭마라탕면(5입),13500,3+1,2026-07-01,https://msave.emart24.co.kr/cmsbo/upload/nHq/plu_image/500x500/8809990947515.JPG
